answer,clue 1,clue 2,display_answer,enumeration,mechanism,wordplay_plan,source_ref,source_type
ABANDONED SHIP,,,,,,,,
ABILITY PATCH,,,,,,,,
ABILITY SHIELD,,,,,,,,
ABILITY URGE,,,,,,,,
ABOMASITE,,,,,,,,
ABOMASNOW,,,,,,,,
ABRA,,,,,,,,
ABSOL,,,,,,,,
ABSOLITE,,,,,,,,
ABSORB,,,,,,,,
ABSORB BULB,,,,,,,,
ABYSSAL RUINS,,,,,,,,
ACADEMY BALL,,,,,,,,
ACADEMY BOTTLE,,,,,,,,
ACADEMY CUP,,,,,,,,
ACCELEROCK,,,,,,,,
ACCELGOR,,,,,,,,
ACCUMULA,,,,,,,,
ACCUMULA GATE,,,,,,,,
ACID,,,,,,,,
ACID ARMOR,,,,,,,,
ACID SPRAY,,,,,,,,
ACROBATICS,,,,,,,,
ACRO BIKE,,,,,,,,
ACUITY CAVERN,,,,,,,,
ACUPRESSURE,,,,,,,,
ADAMANT ORB,,,,,,,,
ADAPTABILITY,,,,,,,,
ADRENALINE ORB,,,,,,,,
AEGISLASH,,,,,,,,
AERIAL ACE,,,,,,,,
AERILATE,,,,,,,,
AEROBLAST,,,,,,,,
AERODACTYL,,,,,,,,
AERODACTYLITE,,,,,,,,
AFTERMATH,,,,,,,,
AFTER YOU,,,,,,,,
AGGRON,,,,,,,,
AGGRONITE,,,,,,,,
AGILITY,,,,,,,,
AGUAV BERRY,,,,,,,,
AIPOM,,,,,,,,
AIPOM HAIR,,,,,,,,
AIPOM HILL,,,,,,,,
AIR BALLOON,,,,,,,,
AIR CUTTER,,,,,,,,
AIR LOCK,,,,,,,,
AIR MAIL,,,,,,,,
AIR SLASH,,,,,,,,
AKALA MEADOW,,,,,,,,
ALAKAZAM,,,,,,,,
ALAKAZITE,,,,,,,,
ALCREMIE,,,,,,,,
ALFORNADA,,,,,,,,
ALLURING VOICE,,,,,,,,
ALLY SWITCH,,,,,,,,
ALOMOMOLA,,,,,,,,
ALTARIA,,,,,,,,
ALTARIANITE,,,,,,,,
AMAURA,,,,,,,,
AMBIPOM,,,,,,,,
AMBRETTE,,,,,,,,
AMBRETTE GATE,,,,,,,,
AMITY SQUARE,,,,,,,,
AMNESIA,,,,,,,,
AMOONGUSS,,,,,,,,
AMPHAROS,,,,,,,,
AMPHAROSITE,,,,,,,,
AMULET COIN,,,,,,,,
ANALYTIC,,,,,,,,
ANCHOR SHOT,,,,,,,,
ANCIENT POWER,,,,,,,,
ANCIENT QUARRY,,,,,,,,
ANCIENT TOMB,,,,,,,,
ANGER POINT,,,,,,,,
ANGER SHELL,,,,,,,,
ANISTAR,,,,,,,,
ANISTAR GATE,,,,,,,,
ANNIHILAPE,,,,,,,,
ANORITH,,,,,,,,
ANTICIPATION,,,,,,,,
ANTIDOTE,,,,,,,,
ANVILLE,,,,,,,,
APICOT BERRY,,,,,,,,
APPLE ACID,,,,,,,,
APPLE HILLS,,,,,,,,
APPLETUN,,,,,,,,
APPLIN,,,,,,,,
APPLIN JUICE,,,,,,,,
APRICORN BOX,,,,,,,,
AQUA BOOST,,,,,,,,
AQUACORDE,,,,,,,,
AQUA CUTTER,,,,,,,,
AQUA JET,,,,,,,,
AQUA RING,,,,,,,,
AQUA STEP,,,,,,,,
AQUA SUIT,,,,,,,,
AQUA TAIL,,,,,,,,
ARAQUANID,,,,,,,,
ARBOK,,,,,,,,
ARBOLIVA,,,,,,,,
ARCANINE,,,,,,,,
ARCEUS,,,,,,,,
ARCHALUDON,,,,,,,,
ARCHEN,,,,,,,,
ARCHEOPS,,,,,,,,
ARCTIBAX,,,,,,,,
ARCTOVISH,,,,,,,,
ARCTOZOLT,,,,,,,,
AREA ZERO,,,,,,,,
ARENA TRAP,,,,,,,,
ARIADOS,,,,,,,,
ARMALDO,,,,,,,,
ARMAROUGE,,,,,,,,
ARMOR CANNON,,,,,,,,
ARMOR FOSSIL,,,,,,,,
ARMORITE ORE,,,,,,,,
ARMOR PASS,,,,,,,,
ARMOR TAIL,,,,,,,,
ARM THRUST,,,,,,,,
AROMATHERAPY,,,,,,,,
AROMATIC MIST,,,,,,,,
AROMATISSE,,,,,,,,
AROMA VEIL,,,,,,,,
ARON,,,,,,,,
ARROKUDA,,,,,,,,
ARTAZON,,,,,,,,
ARTICUNO,,,,,,,,
ARTISAN CAVE,,,,,,,,
ASADO DESERT,,,,,,,,
ASPEAR BERRY,,,,,,,,
ASPERTIA,,,,,,,,
ASPERTIA GATE,,,,,,,,
ASSAULT VEST,,,,,,,,
ASSIST,,,,,,,,
ASSURANCE,,,,,,,,
ASTONISH,,,,,,,,
ASTRAL BARRAGE,,,,,,,,
ATTACK ORDER,,,,,,,,
ATTRACT,,,,,,,,
AUDINITE,,,,,,,,
AUDINO,,,,,,,,
AURA BREAK,,,,,,,,
AURA SPHERE,,,,,,,,
AURA WHEEL,,,,,,,,
AURORA BEAM,,,,,,,,
AURORATICKET,,,,,,,,
AURORA VEIL,,,,,,,,
AURORUS,,,,,,,,
AUTOGRAPH,,,,,,,,
AUTOTOMIZE,,,,,,,,
AVALANCHE,,,,,,,,
AVALUGG,,,,,,,,
AVANCE TRAIL,,,,,,,,
AVOCADO,,,,,,,,
AWAKENING,,,,,,,,
AXE KICK,,,,,,,,
AXEW,,,,,,,,
AXEW SCALES,,,,,,,,
AXEWS EYE,,,,,,,,
AZALEA,,,,,,,,
AZELF,,,,,,,,
AZUMARILL,,,,,,,,
AZURE BAY,,,,,,,,
AZURE FLUTE,,,,,,,,
AZURILL,,,,,,,,
AZURILL FUR,,,,,,,,
BABIRI BERRY,,,,,,,,
BABY DOLL EYES,,,,,,,,
BACHS FOOD TIN,,,,,,,,
BACON,,,,,,,,
BAD DREAMS,,,,,,,,
BADDY BAD,,,,,,,,
BAGON,,,,,,,,
BAGON SCALES,,,,,,,,
BAGUETTE,,,,,,,,
BALL FETCH,,,,,,,,
BALLIMERE LAKE,,,,,,,,
BALLONLEA,,,,,,,,
BALM MUSHROOM,,,,,,,,
BALTOY,,,,,,,,
BANANA,,,,,,,,
BAND AUTOGRAPH,,,,,,,,
BANEFUL BUNKER,,,,,,,,
BANETTE,,,,,,,,
BANETTITE,,,,,,,,
BARBARACLE,,,,,,,,
BARB BARRAGE,,,,,,,,
BARBOACH,,,,,,,,
BARBOACH SLIME,,,,,,,,
BARRAGE,,,,,,,,
BARRASKEWDA,,,,,,,,
BARRED CUP,,,,,,,,
BARRIER,,,,,,,,
BASCULEGION,,,,,,,,
BASCULIN,,,,,,,,
BASCULIN FANG,,,,,,,,
BASEMENT KEY,,,,,,,,
BASIL,,,,,,,,
BASTIODON,,,,,,,,
BATHERS LAGOON,,,,,,,,
BATON PASS,,,,,,,,
BATTERY,,,,,,,,
BATTLE ARCADE,,,,,,,,
BATTLE ARMOR,,,,,,,,
BATTLE BOND,,,,,,,,
BATTLE CASTLE,,,,,,,,
BATTLE CHATEAU,,,,,,,,
BATTLE FACTORY,,,,,,,,
BATTLEGROUND,,,,,,,,
BATTLE HALL,,,,,,,,
BATTLE MAISON,,,,,,,,
BATTLE PARK,,,,,,,,
BATTLE POCKET,,,,,,,,
BATTLE RESORT,,,,,,,,
BATTLE SUBWAY,,,,,,,,
BATTLE TOWER,,,,,,,,
BATTLE TREE,,,,,,,,
BAXCALIBUR,,,,,,,,
BAYLEEF,,,,,,,,
BEACH GLASS,,,,,,,,
BEAD MAIL,,,,,,,,
BEADS OF RUIN,,,,,,,,
BEAK BLAST,,,,,,,,
BEARTIC,,,,,,,,
BEAST BALL,,,,,,,,
BEAST BOOST,,,,,,,,
BEAT UP,,,,,,,,
BEAUTIFLY,,,,,,,,
BEEDRILL,,,,,,,,
BEEDRILLITE,,,,,,,,
BEHEEYEM,,,,,,,,
BEHEMOTH BASH,,,,,,,,
BEHEMOTH BLADE,,,,,,,,
BELCH,,,,,,,,
BELDUM,,,,,,,,
BELLIBOLT,,,,,,,,
BELLOSSOM,,,,,,,,
BELLSPROUT,,,,,,,,
BELL TOWER,,,,,,,,
BELLY DRUM,,,,,,,,
BELUE BERRY,,,,,,,,
BERGMITE,,,,,,,,
BERGMITE ICE,,,,,,,,
BERRY FIELDS,,,,,,,,
BERRY FOREST,,,,,,,,
BERRY JUICE,,,,,,,,
BERRY POTS,,,,,,,,
BERRY POUCH,,,,,,,,
BERRY SWEET,,,,,,,,
BERSERK,,,,,,,,
BESTOW,,,,,,,,
BEWEAR,,,,,,,,
BIBAREL,,,,,,,,
BICYCLE,,,,,,,,
BIDE,,,,,,,,
BIDOOF,,,,,,,,
BIG MALASADA,,,,,,,,
BIG MUSHROOM,,,,,,,,
BIG NUGGET,,,,,,,,
BIG PEARL,,,,,,,,
BIG PECKS,,,,,,,,
BIG ROOT,,,,,,,,
BIKE GREEN,,,,,,,,
BIKE VOUCHER,,,,,,,,
BIKE YELLOW,,,,,,,,
BINACLE,,,,,,,,
BIND,,,,,,,,
BINDING BAND,,,,,,,,
BIRTH ISLAND,,,,,,,,
BISHARP,,,,,,,,
BITE,,,,,,,,
BITTER BLADE,,,,,,,,
BITTER MALICE,,,,,,,,
BLACEPHALON,,,,,,,,
BLACK,,,,,,,,
BLACK AUGURITE,,,,,,,,
BLACK BELT,,,,,,,,
BLACK FLUTE,,,,,,,,
BLACK GATE,,,,,,,,
BLACK GLASSES,,,,,,,,
BLACK HOLE,,,,,,,,
BLACK MANE HAIR,,,,,,,,
BLACK SLUDGE,,,,,,,,
BLACKTHORN,,,,,,,,
BLACK TOWER,,,,,,,,
BLANK PLATE,,,,,,,,
BLAST BURN,,,,,,,,
BLASTOISE,,,,,,,,
BLASTOISINITE,,,,,,,,
BLAZE,,,,,,,,
BLAZE KICK,,,,,,,,
BLAZIKEN,,,,,,,,
BLAZIKENITE,,,,,,,,
BLAZING TORQUE,,,,,,,,
BLIPBUG,,,,,,,,
BLISSEY,,,,,,,,
BLITZLE,,,,,,,,
BLIZZARD,,,,,,,,
BLOCK,,,,,,,,
BLOOD MOON,,,,,,,,
BLOOM MAIL,,,,,,,,
BLUE BOTTLE,,,,,,,,
BLUE CARD,,,,,,,,
BLUE CUP,,,,,,,,
BLUE DISH,,,,,,,,
BLUE FLAG PICK,,,,,,,,
BLUE FLARE,,,,,,,,
BLUE FLUTE,,,,,,,,
BLUE ORB,,,,,,,,
BLUE PETAL,,,,,,,,
BLUE SCARF,,,,,,,,
BLUE SHARD,,,,,,,,
BLUK BERRY,,,,,,,,
BLUNDER POLICY,,,,,,,,
BLUSH MOUNTAIN,,,,,,,,
BOBS FOOD TIN,,,,,,,,
BODYGUARD,,,,,,,,
BODY PRESS,,,,,,,,
BODY SLAM,,,,,,,,
BOILED EGG,,,,,,,,
BOLDORE,,,,,,,,
BOLT BEAK,,,,,,,,
BOLT STRIKE,,,,,,,,
BOLTUND,,,,,,,,
BOMBIRDIER,,,,,,,,
BONANZA,,,,,,,,
BOND BRIDGE,,,,,,,,
BONE CLUB,,,,,,,,
BONEMERANG,,,,,,,,
BONE RUSH,,,,,,,,
BONSLY,,,,,,,,
BONSLY TEARS,,,,,,,,
BOOMBURST,,,,,,,,
BOOSTER ENERGY,,,,,,,,
BOTTLE CAP,,,,,,,,
BOUFFALANT,,,,,,,,
BOUNCE,,,,,,,,
BOUNCY BUBBLE,,,,,,,,
BOUNSWEET,,,,,,,,
BRAIXEN,,,,,,,,
BRAMBLEGHAST,,,,,,,,
BRAMBLIN,,,,,,,,
BRAMBLIN TWIG,,,,,,,,
BRANCH POKE,,,,,,,,
BRAVA ARENA,,,,,,,,
BRAVE BIRD,,,,,,,,
BRAVIARY,,,,,,,,
BRAWLERS CAVE,,,,,,,,
BREAD,,,,,,,,
BREAKING SWIPE,,,,,,,,
BRELOOM,,,,,,,,
BRICK BREAK,,,,,,,,
BRICK MAIL,,,,,,,,
BRIDGE FIELD,,,,,,,,
BRIDGE GATE,,,,,,,,
BRIDGE MAIL D,,,,,,,,
BRIDGE MAIL M,,,,,,,,
BRIDGE MAIL S,,,,,,,,
BRIDGE MAIL T,,,,,,,,
BRIDGE MAIL V,,,,,,,,
BRIGHT POWDER,,,,,,,,
BRINE,,,,,,,,
BRIONNE,,,,,,,,
BRITTLE BONES,,,,,,,,
BRONZE BOTTLE,,,,,,,,
BRONZE CUP,,,,,,,,
BRONZONG,,,,,,,,
BRONZOR,,,,,,,,
BROOKLET HILL,,,,,,,,
BRUN WAY,,,,,,,,
BRUTAL SWING,,,,,,,,
BRUTE BONNET,,,,,,,,
BRUXISH,,,,,,,,
BRUXISH TOOTH,,,,,,,,
BUBBLE BEAM,,,,,,,,
BUBBLE MAIL,,,,,,,,
BUDEW,,,,,,,,
BUG BITE,,,,,,,,
BUG BUZZ,,,,,,,,
BUG GEM,,,,,,,,
BUGINIUM Z BAG,,,,,,,,
BUGINIUM Z HELD,,,,,,,,
BUG MEMORY,,,,,,,,
BUG TERA SHARD,,,,,,,,
BUIZEL,,,,,,,,
BUIZEL FUR,,,,,,,,
BULBASAUR,,,,,,,,
BULK UP,,,,,,,,
BULLDOZE,,,,,,,,
BULLETPROOF,,,,,,,,
BULLET PUNCH,,,,,,,,
BULLET SEED,,,,,,,,
BUNEARY,,,,,,,,
BUNNELBY,,,,,,,,
BURMY,,,,,,,,
BURN DRIVE,,,,,,,,
BURNED TOWER,,,,,,,,
BURN HEAL,,,,,,,,
BURN UP,,,,,,,,
BUTTER,,,,,,,,
BUTTERFREE,,,,,,,,
BUZZWOLE,,,,,,,,
BUZZY BUZZ,,,,,,,,
CABO POCO,,,,,,,,
CACNEA,,,,,,,,
CACNEA NEEDLE,,,,,,,,
CACTURNE,,,,,,,,
CALCIUM,,,,,,,,
CALMING,,,,,,,,
CALM MIND,,,,,,,,
CALYREX,,,,,,,,
CAMERUPT,,,,,,,,
CAMERUPTITE,,,,,,,,
CAMOUFLAGE,,,,,,,,
CAMPHRIER,,,,,,,,
CAMPING GEAR,,,,,,,,
CANALAVE,,,,,,,,
CANYON BIOME,,,,,,,,
CANYON PLAZA,,,,,,,,
CAPE BRINK,,,,,,,,
CAPSAKID,,,,,,,,
CAPSAKID SEED,,,,,,,,
CAPTIVATE,,,,,,,,
CARBINK,,,,,,,,
CARBINK JEWEL,,,,,,,,
CARBOS,,,,,,,,
CARD KEY,,,,,,,,
CARKOL,,,,,,,,
CARNIVINE,,,,,,,,
CARRACOSTA,,,,,,,,
CARROT SEEDS,,,,,,,,
CARVANHA,,,,,,,,
CASCARRAFA,,,,,,,,
CASCOON,,,,,,,,
CASSEROYA LAKE,,,,,,,,
CASTAWAY SHORE,,,,,,,,
CASTELIA,,,,,,,,
CASTELIACONE,,,,,,,,
CASTELIA GATE,,,,,,,,
CASTFORM,,,,,,,,
CATASTROPIKA,,,,,,,,
CATCHING CHARM,,,,,,,,
CATERPIE,,,,,,,,
CAVE OF BEING,,,,,,,,
CAVE OF ORIGIN,,,,,,,,
CEASELESS EDGE,,,,,,,,
CELADON,,,,,,,,
CELEBI,,,,,,,,
CELEBRATE,,,,,,,,
CELESTEELA,,,,,,,,
CELESTIC,,,,,,,,
CELL BATTERY,,,,,,,,
CENTISKORCH,,,,,,,,
CENTRAL PLAZA,,,,,,,,
CERULEAN,,,,,,,,
CERULEAN CAVE,,,,,,,,
CERULEDGE,,,,,,,,
CETITAN,,,,,,,,
CETODDLE,,,,,,,,
CHALKY STONE,,,,,,,,
CHALLENGE ROAD,,,,,,,,
CHANDELURE,,,,,,,,
CHANSEY,,,,,,,,
CHARCADET,,,,,,,,
CHARCADET SOOT,,,,,,,,
CHARCOAL,,,,,,,,
CHARGE,,,,,,,,
CHARGE BEAM,,,,,,,,
CHARIZARD,,,,,,,,
CHARIZARDITE X,,,,,,,,
CHARIZARDITE Y,,,,,,,,
CHARJABUG,,,,,,,,
CHARM,,,,,,,,
CHARMANDER,,,,,,,,
CHARMELEON,,,,,,,,
CHARTI BERRY,,,,,,,,
CHATOT,,,,,,,,
CHATTER,,,,,,,,
CHEEK POUCH,,,,,,,,
CHERI BERRY,,,,,,,,
CHERISH BALL,,,,,,,,
CHERRIM,,,,,,,,
CHERRYGROVE,,,,,,,,
CHERUBI,,,,,,,,
CHESNAUGHT,,,,,,,,
CHESPIN,,,,,,,,
CHESTO BERRY,,,,,,,,
CHEWTLE,,,,,,,,
CHEWTLE CLAW,,,,,,,,
CHIEN PAO,,,,,,,,
CHIKORITA,,,,,,,,
CHILAN BERRY,,,,,,,,
CHILI SAUCE,,,,,,,,
CHILL DRIVE,,,,,,,,
CHILLING NEIGH,,,,,,,,
CHILLING WATER,,,,,,,,
CHIMCHAR,,,,,,,,
CHIMECHO,,,,,,,,
CHINCHOU,,,,,,,,
CHINGLING,,,,,,,,
CHIP AWAY,,,,,,,,
CHIPPED POT,,,,,,,,
CHI YU,,,,,,,,
CHLOROBLAST,,,,,,,,
CHLOROPHYLL,,,,,,,,
CHOICE BAND,,,,,,,,
CHOICE SCARF,,,,,,,,
CHOICE SPECS,,,,,,,,
CHOPLE BERRY,,,,,,,,
CHORIZO,,,,,,,,
CIANWOOD,,,,,,,,
CINCCINO,,,,,,,,
CINDERACE,,,,,,,,
CIRCHESTER,,,,,,,,
CIRCLE THROW,,,,,,,,
CLAMP,,,,,,,,
CLAMPERL,,,,,,,,
CLAUNCHER,,,,,,,,
CLAUNCHER CLAW,,,,,,,,
CLAW FOSSIL,,,,,,,,
CLAWITZER,,,,,,,,
CLAYDOL,,,,,,,,
CLAY TUNNEL,,,,,,,,
CLEANSE TAG,,,,,,,,
CLEAR AMULET,,,,,,,,
CLEAR BELL,,,,,,,,
CLEAR BODY,,,,,,,,
CLEAR SMOG,,,,,,,,
CLEFABLE,,,,,,,,
CLEFAIRY,,,,,,,,
CLEFFA,,,,,,,,
CLEFFA FUR,,,,,,,,
CLEVER MOCHI,,,,,,,,
CLEVER WING,,,,,,,,
CLIFF CAVE,,,,,,,,
CLIFF EDGE GATE,,,,,,,,
CLIMBER,,,,,,,,
CLOBBOPUS,,,,,,,,
CLODSIRE,,,,,,,,
CLOSE COMBAT,,,,,,,,
CLOTHING TRUNK,,,,,,,,
CLOUDCAP PASS,,,,,,,,
CLOUD NINE,,,,,,,,
CLOVER SWEET,,,,,,,,
CLOYSTER,,,,,,,,
COACHING,,,,,,,,
COALOSSAL,,,,,,,,
COASTAL BIOME,,,,,,,,
COASTAL PLAZA,,,,,,,,
COBA BERRY,,,,,,,,
COBALION,,,,,,,,
COCONUT MILK,,,,,,,,
COFAGRIGUS,,,,,,,,
COIL,,,,,,,,
COIN CASE,,,,,,,,
COLBUR BERRY,,,,,,,,
COLD STORAGE,,,,,,,,
COLOR CHANGE,,,,,,,,
COMATOSE,,,,,,,,
COMBAT TORQUE,,,,,,,,
COMBEE,,,,,,,,
COMBEE HONEY,,,,,,,,
COMBUSKEN,,,,,,,,
COMET PUNCH,,,,,,,,
COMET SHARD,,,,,,,,
COMEUPPANCE,,,,,,,,
COMFEY,,,,,,,,
COMMANDER,,,,,,,,
COMMON STONE,,,,,,,,
COMPETITIVE,,,,,,,,
COMPOUND EYES,,,,,,,,
CONCERT EVENT,,,,,,,,
CONFIDE,,,,,,,,
CONFIDENCE,,,,,,,,
CONFUSE RAY,,,,,,,,
CONFUSION,,,,,,,,
CONKELDURR,,,,,,,,
CONQUEROR,,,,,,,,
CONSTRICT,,,,,,,,
CONTEST HALL,,,,,,,,
CONTEST PASS,,,,,,,,
CONTRARY,,,,,,,,
CONVERSION,,,,,,,,
COPPERAJAH,,,,,,,,
COPYCAT,,,,,,,,
CORE ENFORCER,,,,,,,,
CORNN BERRY,,,,,,,,
CORPHISH,,,,,,,,
CORPHISH SHELL,,,,,,,,
CORROSION,,,,,,,,
CORROSIVE GAS,,,,,,,,
CORSOLA,,,,,,,,
CORTONDO,,,,,,,,
CORVIKNIGHT,,,,,,,,
CORVISQUIRE,,,,,,,,
COSMIC POWER,,,,,,,,
COSMOEM,,,,,,,,
COSMOG,,,,,,,,
COSTAR,,,,,,,,
COTTON DOWN,,,,,,,,
COTTONEE,,,,,,,,
COTTON GUARD,,,,,,,,
COTTON SPORE,,,,,,,,
COUMARINE,,,,,,,,
COUMARINE GATE,,,,,,,,
COUNTER,,,,,,,,
COURIWAY,,,,,,,,
COURIWAY GATE,,,,,,,,
COURT CHANGE,,,,,,,,
COVER FOSSIL,,,,,,,,
COVERT CLOAK,,,,,,,,
COVET,,,,,,,,
CRABHAMMER,,,,,,,,
CRABOMINABLE,,,,,,,,
CRABRAWLER,,,,,,,,
CRACKED POT,,,,,,,,
CRADILY,,,,,,,,
CRAFTY SHIELD,,,,,,,,
CRAMORANT,,,,,,,,
CRAMORANT DOWN,,,,,,,,
CRANIDOS,,,,,,,,
CRAWDAUNT,,,,,,,,
CREAM CHEESE,,,,,,,,
CRESCENT ISLE,,,,,,,,
CRESSELIA,,,,,,,,
CROAGUNK,,,,,,,,
CROBAT,,,,,,,,
CROCALOR,,,,,,,,
CROCONAW,,,,,,,,
CROSS CHOP,,,,,,,,
CROSSING SLOPE,,,,,,,,
CROSS POISON,,,,,,,,
CROWN PASS,,,,,,,,
CROWN SHRINE,,,,,,,,
CRUNCH,,,,,,,,
CRUSH CLAW,,,,,,,,
CRUSH GRIP,,,,,,,,
CRUSTLE,,,,,,,,
CRYOGONAL,,,,,,,,
CRYOGONAL ICE,,,,,,,,
CRYSTAL POOL,,,,,,,,
CUBCHOO,,,,,,,,
CUBCHOO FUR,,,,,,,,
CUBONE,,,,,,,,
CUCUMBER,,,,,,,,
CUD CHEW,,,,,,,,
CUFANT,,,,,,,,
CUFANT TARNISH,,,,,,,,
CURRY POWDER,,,,,,,,
CURSE,,,,,,,,
CURSED BODY,,,,,,,,
CURSOLA,,,,,,,,
CUSTAP BERRY,,,,,,,,
CUTE CHARM,,,,,,,,
CUTIEFLY,,,,,,,,
CYBER BALL,,,,,,,,
CYCLIZAR,,,,,,,,
CYLLAGE,,,,,,,,
CYNDAQUIL,,,,,,,,
CYNTHIA,,,,,,,,
DACHSBUN,,,,,,,,
DAMP,,,,,,,,
DAMP MULCH,,,,,,,,
DAMP ROCK,,,,,,,,
DANCER,,,,,,,,
DAPPLED GROVE,,,,,,,,
DARK,,,,,,,,
DARK AURA,,,,,,,,
DARK CAVE,,,,,,,,
DARKEST LARIAT,,,,,,,,
DARK GEM,,,,,,,,
DARKINIUM Z BAG,,,,,,,,
DARK MEMORY,,,,,,,,
DARK PULSE,,,,,,,,
DARKRAI,,,,,,,,
DARK STONE,,,,,,,,
DARK TERA SHARD,,,,,,,,
DARMANITAN,,,,,,,,
DARTRIX,,,,,,,,
DARUMAKA,,,,,,,,
DAWN STONE,,,,,,,,
DAY CARE COUPLE,,,,,,,,
DAZE,,,,,,,,
DAZZLING,,,,,,,,
DAZZLING GLEAM,,,,,,,,
DEADWOOD HAUNT,,,,,,,,
DECIDIUM Z BAG,,,,,,,,
DECIDIUM Z HELD,,,,,,,,
DECIDUEYE,,,,,,,,
DECORATE,,,,,,,,
DECOY,,,,,,,,
DEDENNE,,,,,,,,
DEDENNE FUR,,,,,,,,
DEEP SEA SCALE,,,,,,,,
DEEP SEA TOOTH,,,,,,,,
DEEP SLEEP,,,,,,,,
DEERLING,,,,,,,,
DEERLING HAIR,,,,,,,,
DEERTRACK PATH,,,,,,,,
DEFEATIST,,,,,,,,
DEFEND ORDER,,,,,,,,
DEFENSE CURL,,,,,,,,
DEFIANT,,,,,,,,
DEFOG,,,,,,,,
DEINO,,,,,,,,
DEINO SCALES,,,,,,,,
DELCATTY,,,,,,,,
DELIBIRD,,,,,,,,
DELPHOX,,,,,,,,
DELTA STREAM,,,,,,,,
DENDEMILLE,,,,,,,,
DEOXYS,,,,,,,,
DERNIRE WAY,,,,,,,,
DESERT RESORT,,,,,,,,
DESERT RUINS,,,,,,,,
DESOLATE LAND,,,,,,,,
DESTINY BOND,,,,,,,,
DESTINY KNOT,,,,,,,,
DETECT,,,,,,,,
DETOURNER WAY,,,,,,,,
DEVON GOODS,,,,,,,,
DEVON PARTS,,,,,,,,
DEVON SCOPE,,,,,,,,
DEWFORD,,,,,,,,
DEWGONG,,,,,,,,
DEWOTT,,,,,,,,
DEWPIDER,,,,,,,,
DHELMISE,,,,,,,,
DIALGA,,,,,,,,
DIAMOND BOTTLE,,,,,,,,
DIAMOND HEATH,,,,,,,,
DIAMOND STORM,,,,,,,,
DIANCIE,,,,,,,,
DIANCITE,,,,,,,,
DIGGERSBY,,,,,,,,
DIGLETT,,,,,,,,
DIGLETT DIRT,,,,,,,,
DIGLETTS CAVE,,,,,,,,
DIPPLIN,,,,,,,,
DIRE CLAW,,,,,,,,
DIRE HIT,,,,,,,,
DISABLE,,,,,,,,
DISCHARGE,,,,,,,,
DISGUISE,,,,,,,,
DISGUST,,,,,,,,
DISTANT LAND,,,,,,,,
DITTO,,,,,,,,
DITTO GOO,,,,,,,,
DIVE,,,,,,,,
DIVE BALL,,,,,,,,
DIZZY PUNCH,,,,,,,,
DNA SPLICERS,,,,,,,,
DODGE,,,,,,,,
DODRIO,,,,,,,,
DODUO,,,,,,,,
DOLLIV,,,,,,,,
DOME FOSSIL,,,,,,,,
DONDOZO,,,,,,,,
DONPHAN,,,,,,,,
DOODLE,,,,,,,,
DOOM DESIRE,,,,,,,,
DOTTLER,,,,,,,,
DOUBLADE,,,,,,,,
DOUBLE EDGE,,,,,,,,
DOUBLE HIT,,,,,,,,
DOUBLE KICK,,,,,,,,
DOUBLE SHOCK,,,,,,,,
DOUBLE SLAP,,,,,,,,
DOUBLE TEAM,,,,,,,,
DOUSE DRIVE,,,,,,,,
DOWNLOAD,,,,,,,,
DRACO METEOR,,,,,,,,
DRACO PLATE,,,,,,,,
DRACOVISH,,,,,,,,
DRACOZOLT,,,,,,,,
DRAGALGE,,,,,,,,
DRAGAPULT,,,,,,,,
DRAGON,,,,,,,,
DRAGONAIR,,,,,,,,
DRAGON ASCENT,,,,,,,,
DRAGON BREATH,,,,,,,,
DRAGON CHEER,,,,,,,,
DRAGON CLAW,,,,,,,,
DRAGON DANCE,,,,,,,,
DRAGON DARTS,,,,,,,,
DRAGON ENERGY,,,,,,,,
DRAGON FANG,,,,,,,,
DRAGON GEM,,,,,,,,
DRAGON HAMMER,,,,,,,,
DRAGONITE,,,,,,,,
DRAGONIUM Z BAG,,,,,,,,
DRAGON MEMORY,,,,,,,,
DRAGON PULSE,,,,,,,,
DRAGON RUSH,,,,,,,,
DRAGON SCALE,,,,,,,,
DRAGONS DEN,,,,,,,,
DRAGON SKULL,,,,,,,,
DRAGONS MAW,,,,,,,,
DRAGON TAIL,,,,,,,,
DRAINING KISS,,,,,,,,
DRAIN PUNCH,,,,,,,,
DRAKLOAK,,,,,,,,
DRAMPA,,,,,,,,
DRAPION,,,,,,,,
DRATINI,,,,,,,,
DRATINI SCALES,,,,,,,,
DREADED DEN,,,,,,,,
DREAD PLATE,,,,,,,,
DREAM BALL,,,,,,,,
DREAM EATER,,,,,,,,
DREAM MAIL,,,,,,,,
DREAMYARD,,,,,,,,
DREDNAW,,,,,,,,
DREEPY,,,,,,,,
DREEPY POWDER,,,,,,,,
DRIFBLIM,,,,,,,,
DRIFLOON,,,,,,,,
DRIFLOON GAS,,,,,,,,
DRIFTVEIL,,,,,,,,
DRILBUR,,,,,,,,
DRILL PECK,,,,,,,,
DRILL RUN,,,,,,,,
DRIZZILE,,,,,,,,
DRIZZLE,,,,,,,,
DRONING MEADOW,,,,,,,,
DROPPED ITEM,,,,,,,,
DROUGHT,,,,,,,,
DROWZEE,,,,,,,,
DROWZEE FUR,,,,,,,,
DRUDDIGON,,,,,,,,
DRUM BEATING,,,,,,,,
DRY SKIN,,,,,,,,
DUAL CHOP,,,,,,,,
DUAL WINGBEAT,,,,,,,,
DUBIOUS DISC,,,,,,,,
DUBWOOL,,,,,,,,
DUCKLETT,,,,,,,,
DUDUNSPARCE,,,,,,,,
DUGTRIO,,,,,,,,
DUNSPARCE,,,,,,,,
DUOSION,,,,,,,,
DURALUDON,,,,,,,,
DURANT,,,,,,,,
DURIN BERRY,,,,,,,,
DUSCLOPS,,,,,,,,
DUSK BALL,,,,,,,,
DUSKNOIR,,,,,,,,
DUSK STONE,,,,,,,,
DUSKULL,,,,,,,,
DUSTOX,,,,,,,,
DUSTY BOWL,,,,,,,,
DWEBBLE,,,,,,,,
DYNAMAX BAND,,,,,,,,
DYNAMAX CANNON,,,,,,,,
DYNAMIC PUNCH,,,,,,,,
DYNA TREE HILL,,,,,,,,
DYNITE ORE,,,,,,,,
EARLY BIRD,,,,,,,,
EARTH EATER,,,,,,,,
EARTH PLATE,,,,,,,,
EARTH POWER,,,,,,,,
EARTHQUAKE,,,,,,,,
ECHOED VOICE,,,,,,,,
ECRUTEAK,,,,,,,,
EELEKTRIK,,,,,,,,
EELEKTROSS,,,,,,,,
EERIE IMPULSE,,,,,,,,
EERIE SPELL,,,,,,,,
EEVEE,,,,,,,,
EEVEE CUP,,,,,,,,
EEVEE FUR,,,,,,,,
EEVIUM Z BAG,,,,,,,,
EEVIUM Z HELD,,,,,,,,
EFFECT SPORE,,,,,,,,
EGG BOMB,,,,,,,,
EISCUE,,,,,,,,
EISCUE DOWN,,,,,,,,
EJECT BUTTON,,,,,,,,
EJECT PACK,,,,,,,,
EKANS,,,,,,,,
EKANS FANG,,,,,,,,
ELDEGOSS,,,,,,,,
ELECTABUZZ,,,,,,,,
ELECTIRIZER,,,,,,,,
ELECTIVIRE,,,,,,,,
ELECTRIC,,,,,,,,
ELECTRIC GEM,,,,,,,,
ELECTRIC SEED,,,,,,,,
ELECTRIC SURGE,,,,,,,,
ELECTRIFY,,,,,,,,
ELECTRIKE,,,,,,,,
ELECTRIUM Z BAG,,,,,,,,
ELECTRO BALL,,,,,,,,
ELECTRODE,,,,,,,,
ELECTRO DRIFT,,,,,,,,
ELECTRO SHOT,,,,,,,,
ELECTROWEB,,,,,,,,
ELEKID,,,,,,,,
ELEVATOR KEY,,,,,,,,
ELGYEM,,,,,,,,
ELIXIR,,,,,,,,
EMBARGO,,,,,,,,
EMBEDDED TOWER,,,,,,,,
EMBER,,,,,,,,
EMBOAR,,,,,,,,
EMBODY ASPECT,,,,,,,,
EMERGENCY EXIT,,,,,,,,
EMOLGA,,,,,,,,
EMPOLEON,,,,,,,,
ENAMORUS,,,,,,,,
ENCORE,,,,,,,,
ENDEAVOR,,,,,,,,
ENDORSEMENT,,,,,,,,
ENDURE,,,,,,,,
ENERGY BALL,,,,,,,,
ENERGY POWDER,,,,,,,,
ENERGY ROOT,,,,,,,,
ENIGMA BERRY,,,,,,,,
ENIGMA STONE,,,,,,,,
ENIGMATIC CARD,,,,,,,,
ENTEI,,,,,,,,
ENTRAINMENT,,,,,,,,
ENTRALINK,,,,,,,,
ENTREE FOREST,,,,,,,,
EON FLUTE,,,,,,,,
EON TICKET,,,,,,,,
ERUPTION,,,,,,,,
ESCAPE ROPE,,,,,,,,
ESCAVALIER,,,,,,,,
ESPATHRA,,,,,,,,
ESPEON,,,,,,,,
ESPER WING,,,,,,,,
ESPURR,,,,,,,,
ETERNA,,,,,,,,
ETERNABEAM,,,,,,,,
ETERNA FOREST,,,,,,,,
ETERNATUS,,,,,,,,
ETHER,,,,,,,,
EVENT SITE,,,,,,,,
EVER GRANDE,,,,,,,,
EVERSTONE,,,,,,,,
EVIOLITE,,,,,,,,
EXCADRILL,,,,,,,,
EXEGGCUTE,,,,,,,,
EXEGGUTOR,,,,,,,,
EXERCISE BALL,,,,,,,,
EXP CHARM,,,,,,,,
EXPERT BELT,,,,,,,,
EXPLODE,,,,,,,,
EXPLORER KIT,,,,,,,,
EXPLOSION,,,,,,,,
EXPLOUD,,,,,,,,
EXP SHARE,,,,,,,,
EXTRASENSORY,,,,,,,,
EXTREME SPEED,,,,,,,,
FABLED CAVE,,,,,,,,
FABLED SPRING,,,,,,,,
FAB MAIL,,,,,,,,
FACADE,,,,,,,,
FAIRIUM Z BAG,,,,,,,,
FAIRIUM Z HELD,,,,,,,,
FAIRY,,,,,,,,
FAIRY AURA,,,,,,,,
FAIRY FEATHER,,,,,,,,
FAIRY GEM,,,,,,,,
FAIRY LOCK,,,,,,,,
FAIRY MEMORY,,,,,,,,
FAIRY WIND,,,,,,,,
FAKE OUT,,,,,,,,
FAKE TEARS,,,,,,,,
FALINKS,,,,,,,,
FALINKS SWEAT,,,,,,,,
FALLARBOR,,,,,,,,
FALSE SWIPE,,,,,,,,
FAME CHECKER,,,,,,,,
FANCY APPLE,,,,,,,,
FARAWAY ISLAND,,,,,,,,
FARAWAY PLACE,,,,,,,,
FARFETCHD,,,,,,,,
FARIGIRAF,,,,,,,,
FASHION CASE,,,,,,,,
FAST BALL,,,,,,,,
FAVORED MAIL,,,,,,,,
FEAROW,,,,,,,,
FEATHER DANCE,,,,,,,,
FEEBAS,,,,,,,,
FEEBAS SCALES,,,,,,,,
FEINT ATTACK,,,,,,,,
FELLHORN GORGE,,,,,,,,
FELL STINGER,,,,,,,,
FENNEKIN,,,,,,,,
FERALIGATR,,,,,,,,
FERROSEED,,,,,,,,
FERROTHORN,,,,,,,,
FEZANDIPITI,,,,,,,,
FICKLE BEAM,,,,,,,,
FIDOUGH,,,,,,,,
FIDOUGH FUR,,,,,,,,
FIELDS OF HONOR,,,,,,,,
FIERY DANCE,,,,,,,,
FIERY PATH,,,,,,,,
FIERY WRATH,,,,,,,,
FIGHT,,,,,,,,
FIGHTING,,,,,,,,
FIGHTING GEM,,,,,,,,
FIGY BERRY,,,,,,,,
FILLET AWAY,,,,,,,,
FILTER,,,,,,,,
FINAL GAMBIT,,,,,,,,
FINIZEN,,,,,,,,
FINIZEN MUCUS,,,,,,,,
FINNEON,,,,,,,,
FINNEON SCALES,,,,,,,,
FIRE,,,,,,,,
FIRE BLAST,,,,,,,,
FIRE FANG,,,,,,,,
FIRE GEM,,,,,,,,
FIRE LASH,,,,,,,,
FIRE MEMORY,,,,,,,,
FIRE PLEDGE,,,,,,,,
FIRE PUNCH,,,,,,,,
FIRE SPIN,,,,,,,,
FIRE STONE,,,,,,,,
FIRE TERA SHARD,,,,,,,,
FIRIUM Z BAG,,,,,,,,
FIRIUM Z HELD,,,,,,,,
FISHING ROD,,,,,,,,
FISHIOUS REND,,,,,,,,
FISSURE,,,,,,,,
FIST PLATE,,,,,,,,
FIVE ISLAND,,,,,,,,
FLAAFFY,,,,,,,,
FLABEBE,,,,,,,,
FLABEBE POLLEN,,,,,,,,
FLAIL,,,,,,,,
FLAME BODY,,,,,,,,
FLAME BOOST,,,,,,,,
FLAME BURST,,,,,,,,
FLAME CHARGE,,,,,,,,
FLAME MAIL,,,,,,,,
FLAME ORB,,,,,,,,
FLAME PLATE,,,,,,,,
FLAMETHROWER,,,,,,,,
FLAME WHEEL,,,,,,,,
FLAMIGO,,,,,,,,
FLAMIGO DOWN,,,,,,,,
FLAPPLE,,,,,,,,
FLARE BLITZ,,,,,,,,
FLARE BOOST,,,,,,,,
FLAREON,,,,,,,,
FLASH,,,,,,,,
FLASH CANNON,,,,,,,,
FLASH FIRE,,,,,,,,
FLATTER,,,,,,,,
FLETCHINDER,,,,,,,,
FLETCHLING,,,,,,,,
FLEUR CANNON,,,,,,,,
FLING,,,,,,,,
FLIP TURN,,,,,,,,
FLITTLE,,,,,,,,
FLITTLE DOWN,,,,,,,,
FLOARO GARDENS,,,,,,,,
FLOAROMA,,,,,,,,
FLOAT STONE,,,,,,,,
FLOATY FALL,,,,,,,,
FLOATZEL,,,,,,,,
FLOCCESY,,,,,,,,
FLOCCESY RANCH,,,,,,,,
FLOETTE,,,,,,,,
FLOOD CHAMBER,,,,,,,,
FLORAGATO,,,,,,,,
FLORAL HEALING,,,,,,,,
FLORGES,,,,,,,,
FLOWER GIFT,,,,,,,,
FLOWER SHIELD,,,,,,,,
FLOWER SWEET,,,,,,,,
FLOWER TRICK,,,,,,,,
FLOWER VEIL,,,,,,,,
FLUFFY,,,,,,,,
FLUFFY TAIL,,,,,,,,
FLUTTER MANE,,,,,,,,
FLYGON,,,,,,,,
FLYING,,,,,,,,
FLYING GEM,,,,,,,,
FLYING MEMORY,,,,,,,,
FLYING PRESS,,,,,,,,
FLYINIUM Z BAG,,,,,,,,
FLYINIUM Z HELD,,,,,,,,
FOCUS BAND,,,,,,,,
FOCUS BLAST,,,,,,,,
FOCUS ENERGY,,,,,,,,
FOCUS PUNCH,,,,,,,,
FOCUS SASH,,,,,,,,
FOLLOW ME,,,,,,,,
FOMANTIS,,,,,,,,
FOMANTIS LEAF,,,,,,,,
FOONGUS,,,,,,,,
FOONGUS SPORES,,,,,,,,
FOOTSTEP HOUSE,,,,,,,,
FORAGE BAG,,,,,,,,
FORCE PALM,,,,,,,,
FORECAST,,,,,,,,
FORESIGHT,,,,,,,,
FOREST OF FOCUS,,,,,,,,
FORESTS CURSE,,,,,,,,
FOREWARN,,,,,,,,
FORRETRESS,,,,,,,,
FORTREE,,,,,,,,
FORTUNE,,,,,,,,
FOUL PLAY,,,,,,,,
FOUR ISLAND,,,,,,,,
FOURRAGE ROAD,,,,,,,,
FRAXURE,,,,,,,,
FREEZE DRY,,,,,,,,
FREEZE SHOCK,,,,,,,,
FREEZING GLARE,,,,,,,,
FREEZINGTON,,,,,,,,
FREEZY FROST,,,,,,,,
FRENZY PLANT,,,,,,,,
FRESH CREAM,,,,,,,,
FRESH WATER,,,,,,,,
FRIED FILLET,,,,,,,,
FRIED FOOD,,,,,,,,
FRIEND BALL,,,,,,,,
FRIEND GUARD,,,,,,,,
FRIEND SAFARI,,,,,,,,
FRIGHTEN,,,,,,,,
FRIGIBAX,,,,,,,,
FRIGID SEA,,,,,,,,
FRILLISH,,,,,,,,
FRISK,,,,,,,,
FROAKIE,,,,,,,,
FROGADIER,,,,,,,,
FROSLASS,,,,,,,,
FROSMOTH,,,,,,,,
FROSTBITE,,,,,,,,
FROST BREATH,,,,,,,,
FROST CAVERN,,,,,,,,
FRUIT BUNCH,,,,,,,,
FRUSTRATION,,,,,,,,
FUCHSIA,,,,,,,,
FUECOCO,,,,,,,,
FULL HEAL,,,,,,,,
FULL INCENSE,,,,,,,,
FULL METAL BODY,,,,,,,,
FULL RESTORE,,,,,,,,
FUR COAT,,,,,,,,
FURFROU,,,,,,,,
FURRET,,,,,,,,
FURY ATTACK,,,,,,,,
FURY CUTTER,,,,,,,,
FURY SWIPES,,,,,,,,
FUSION BOLT,,,,,,,,
FUSION FLARE,,,,,,,,
FUTURE SIGHT,,,,,,,,
GABITE,,,,,,,,
GALACTIC HQ,,,,,,,,
GALACTIC KEY,,,,,,,,
GALARICA CUFF,,,,,,,,
GALARICA TWIG,,,,,,,,
GALE WINGS,,,,,,,,
GALLADE,,,,,,,,
GALLADITE,,,,,,,,
GALVANIZE,,,,,,,,
GALVANTULA,,,,,,,,
GANLON BERRY,,,,,,,,
GAPEJAW BOG,,,,,,,,
GARBODOR,,,,,,,,
GARCHOMP,,,,,,,,
GARCHOMPITE,,,,,,,,
GARDEVOIR,,,,,,,,
GARDEVOIRITE,,,,,,,,
GARGANACL,,,,,,,,
GASTLY,,,,,,,,
GASTLY GAS,,,,,,,,
GASTRO ACID,,,,,,,,
GASTRODON,,,,,,,,
GB SOUNDS,,,,,,,,
GEAR GRIND,,,,,,,,
GEAR STATION,,,,,,,,
GEAR UP,,,,,,,,
GENESECT,,,,,,,,
GENGAR,,,,,,,,
GENGARITE,,,,,,,,
GENIUS MOCHI,,,,,,,,
GENIUS WING,,,,,,,,
GEODUDE,,,,,,,,
GEOMANCY,,,,,,,,
GEOSENGE,,,,,,,,
GHOLDENGO,,,,,,,,
GHOST,,,,,,,,
GHOST GEM,,,,,,,,
GHOSTIUM Z BAG,,,,,,,,
GHOSTIUM Z HELD,,,,,,,,
GHOST MEMORY,,,,,,,,
GIANT CHASM,,,,,,,,
GIANTS BED,,,,,,,,
GIANTS CAP,,,,,,,,
GIANTS FOOT,,,,,,,,
GIANTS MIRROR,,,,,,,,
GIANTS SEAT,,,,,,,,
GIBLE,,,,,,,,
GIBLE SCALES,,,,,,,,
GIGA DRAIN,,,,,,,,
GIGA IMPACT,,,,,,,,
GIGALITH,,,,,,,,
GIGANTAMIX,,,,,,,,
GIGATON HAMMER,,,,,,,,
GIMMIGHOUL,,,,,,,,
GINKGO LANDING,,,,,,,,
GIRAFARIG,,,,,,,,
GIRAFARIG FUR,,,,,,,,
GIRATINA,,,,,,,,
GLACEON,,,,,,,,
GLACIAL LANCE,,,,,,,,
GLACIATE,,,,,,,,
GLACIER ROOM,,,,,,,,
GLAIVE RUSH,,,,,,,,
GLALIE,,,,,,,,
GLALITITE,,,,,,,,
GLAMEOW,,,,,,,,
GLARE,,,,,,,,
GLASTRIER,,,,,,,,
GLIGAR,,,,,,,,
GLIGAR FANG,,,,,,,,
GLIMMET,,,,,,,,
GLIMMORA,,,,,,,,
GLISCOR,,,,,,,,
GLITTER MAIL,,,,,,,,
GLITZY GLOW,,,,,,,,
GLOOM,,,,,,,,
GLUTTONY,,,,,,,,
GNARLED DEN,,,,,,,,
GOD STONE,,,,,,,,
GOGOAT,,,,,,,,
GO GOGGLES,,,,,,,,
GOLBAT,,,,,,,,
GOLD BOTTLE,,,,,,,,
GOLD BOTTLE CAP,,,,,,,,
GOLD CUP,,,,,,,,
GOLDEEN,,,,,,,,
GOLDENROD,,,,,,,,
GOLD LEAF,,,,,,,,
GOLD PICK,,,,,,,,
GOLD TEETH,,,,,,,,
GOLDUCK,,,,,,,,
GOLEM,,,,,,,,
GOLETT,,,,,,,,
GOLISOPOD,,,,,,,,
GOLURK,,,,,,,,
GOOD AS GOLD,,,,,,,,
GOODRA,,,,,,,,
GOOD ROD,,,,,,,,
GOOEY,,,,,,,,
GOOMY,,,,,,,,
GOOMY GOO,,,,,,,,
GOREBYSS,,,,,,,,
GOSSIFLEUR,,,,,,,,
GOTHITA,,,,,,,,
GOTHITELLE,,,,,,,,
GOTHORITA,,,,,,,,
GOUGING FIRE,,,,,,,,
GOURGEIST,,,,,,,,
GRACIDEA,,,,,,,,
GRAFAIAI,,,,,,,,
GRANBULL,,,,,,,,
GRAND LAKE,,,,,,,,
GRANITE CAVE,,,,,,,,
GRAPPLOCT,,,,,,,,
GRASS,,,,,,,,
GRASS CLOAK,,,,,,,,
GRASS GEM,,,,,,,,
GRASSIUM Z BAG,,,,,,,,
GRASSIUM Z HELD,,,,,,,,
GRASS MAIL,,,,,,,,
GRASS MEMORY,,,,,,,,
GRASS PELT,,,,,,,,
GRASS PLEDGE,,,,,,,,
GRASSY GLIDE,,,,,,,,
GRASSY SEED,,,,,,,,
GRASSY SURGE,,,,,,,,
GRASSY TERRAIN,,,,,,,,
GRAV APPLE,,,,,,,,
GRAVELER,,,,,,,,
GRAVITY,,,,,,,,
GREAT BALL,,,,,,,,
GREAT MARSH,,,,,,,,
GREAT TUSK,,,,,,,,
GREAVARD,,,,,,,,
GREAVARD WAX,,,,,,,,
GREEDENT,,,,,,,,
GREEN DISH,,,,,,,,
GREEN PATH,,,,,,,,
GREEN PETAL,,,,,,,,
GREEN SCARF,,,,,,,,
GREEN SHARD,,,,,,,,
GREET MAIL,,,,,,,,
GRENINJA,,,,,,,,
GREPA BERRY,,,,,,,,
GRIMER,,,,,,,,
GRIMER TOXIN,,,,,,,,
GRIMMSNARL,,,,,,,,
GRIM NEIGH,,,,,,,,
GRIP CLAW,,,,,,,,
GRISEOUS CORE,,,,,,,,
GRISEOUS ORB,,,,,,,,
GROOKEY,,,,,,,,
GROTLE,,,,,,,,
GROUDON,,,,,,,,
GROUND,,,,,,,,
GROUND GEM,,,,,,,,
GROUNDIUM Z BAG,,,,,,,,
GROUND MEMORY,,,,,,,,
GROVYLE,,,,,,,,
GROWL,,,,,,,,
GROWLITHE,,,,,,,,
GROWLITHE FUR,,,,,,,,
GROWTH,,,,,,,,
GRUBBIN,,,,,,,,
GRUBBIN THREAD,,,,,,,,
GRUBBY HANKY,,,,,,,,
GRUDGE,,,,,,,,
GRUELING GROVE,,,,,,,,
GRUMPIG,,,,,,,,
GUARD DOG,,,,,,,,
GUARD SPEC,,,,,,,,
GUARD SPLIT,,,,,,,,
GUARD SWAP,,,,,,,,
GUILLOTINE,,,,,,,,
GULPIN,,,,,,,,
GULPIN MUCUS,,,,,,,,
GULP MISSILE,,,,,,,,
GUMSHOOS,,,,,,,,
GUNK SHOT,,,,,,,,
GURDURR,,,,,,,,
GUST,,,,,,,,
GUTS,,,,,,,,
GUZZLORD,,,,,,,,
GYARADOS,,,,,,,,
GYARADOSITE,,,,,,,,
GYRO BALL,,,,,,,,
HABAN BERRY,,,,,,,,
HADRON ENGINE,,,,,,,,
HAIL,,,,,,,,
HAINA DESERT,,,,,,,,
HAKAMO O,,,,,,,,
HAMBURGER,,,,,,,,
HAMMER ARM,,,,,,,,
HAMMERLOCKE,,,,,,,,
HANO BEACH,,,,,,,,
HAPPINY,,,,,,,,
HAPPINY DUST,,,,,,,,
HAPPY HOUR,,,,,,,,
HARBOR MAIL,,,,,,,,
HARDEN,,,,,,,,
HARD PRESS,,,,,,,,
HARD STONE,,,,,,,,
HARIYAMA,,,,,,,,
HARVEST,,,,,,,,
HATENNA,,,,,,,,
HATENNA DUST,,,,,,,,
HATTERENE,,,,,,,,
HATTREM,,,,,,,,
HAUNTER,,,,,,,,
HAUOLI,,,,,,,,
HAWLUCHA,,,,,,,,
HAWLUCHA DOWN,,,,,,,,
HAXORUS,,,,,,,,
HAZE,,,,,,,,
HEADBUTT,,,,,,,,
HEAD CHARGE,,,,,,,,
HEADLONG RUSH,,,,,,,,
HEAD SMASH,,,,,,,,
HEAHEA,,,,,,,,
HEAHEA BEACH,,,,,,,,
HEAL BALL,,,,,,,,
HEAL BELL,,,,,,,,
HEAL BLOCK,,,,,,,,
HEALER,,,,,,,,
HEALING WISH,,,,,,,,
HEAL ORDER,,,,,,,,
HEAL POWDER,,,,,,,,
HEAL PULSE,,,,,,,,
HEALTH MOCHI,,,,,,,,
HEALTH WING,,,,,,,,
HEARTHOME,,,,,,,,
HEART MAIL,,,,,,,,
HEART SCALE,,,,,,,,
HEARTS CRAG,,,,,,,,
HEART STAMP,,,,,,,,
HEART SWAP,,,,,,,,
HEAT CRASH,,,,,,,,
HEATMOR,,,,,,,,
HEATPROOF,,,,,,,,
HEATRAN,,,,,,,,
HEAT ROCK,,,,,,,,
HEAT WAVE,,,,,,,,
HEAVY BALL,,,,,,,,
HEAVY METAL,,,,,,,,
HEAVY SLAM,,,,,,,,
HEIGHTS CAMP,,,,,,,,
HELIOLISK,,,,,,,,
HELIOPTILE,,,,,,,,
HELIX FOSSIL,,,,,,,,
HELPING HAND,,,,,,,,
HERACRONITE,,,,,,,,
HERACROSS,,,,,,,,
HERACROSS CLAW,,,,,,,,
HERBED SAUSAGE,,,,,,,,
HERBIVORE,,,,,,,,
HERDIER,,,,,,,,
HIDDEN GROTTO,,,,,,,,
HIDDEN POWER,,,,,,,,
HIDEAWAY BAY,,,,,,,,
HIGH JUMP KICK,,,,,,,,
HIGH RISE,,,,,,,,
HIPPOPOTAS,,,,,,,,
HIPPOWDON,,,,,,,,
HI TECH EARBUDS,,,,,,,,
HITMONCHAN,,,,,,,,
HITMONLEE,,,,,,,,
HITMONTOP,,,,,,,,
HOENN,,,,,,,,
HOLD BACK,,,,,,,,
HOLD HANDS,,,,,,,,
HOLM OF TRIALS,,,,,,,,
HOLO CASTER,,,,,,,,
HOLO CASTER RED,,,,,,,,
HONCHKROW,,,,,,,,
HONDEW BERRY,,,,,,,,
HONE CLAWS,,,,,,,,
HONEDGE,,,,,,,,
HONEY,,,,,,,,
HONEYCALM SEA,,,,,,,,
HONEY GATHER,,,,,,,,
HONOR OF KALOS,,,,,,,,
HO OH,,,,,,,,
HOOPA,,,,,,,,
HOOTHOOT,,,,,,,,
HOPPIP,,,,,,,,
HOPPIP LEAF,,,,,,,,
HORN ATTACK,,,,,,,,
HORN DRILL,,,,,,,,
HORN LEECH,,,,,,,,
HORSEA,,,,,,,,
HORSERADISH,,,,,,,,
HOSPITALITY,,,,,,,,
HOT BLOODED,,,,,,,,
HOUNDOOM,,,,,,,,
HOUNDOOMINITE,,,,,,,,
HOUNDOUR,,,,,,,,
HOUNDOUR FANG,,,,,,,,
HOUNDSTONE,,,,,,,,
HOWL,,,,,,,,
HP UP,,,,,,,,
HUGE POWER,,,,,,,,
HULBURY,,,,,,,,
HUMILAU,,,,,,,,
HUNGER SWITCH,,,,,,,,
HUNTAIL,,,,,,,,
HURRICANE,,,,,,,,
HUSTLE,,,,,,,,
HYDRAPPLE,,,,,,,,
HYDRATION,,,,,,,,
HYDREIGON,,,,,,,,
HYDRO CANNON,,,,,,,,
HYDRO PUMP,,,,,,,,
HYDRO STEAM,,,,,,,,
HYPER BEAM,,,,,,,,
HYPER CUTTER,,,,,,,,
HYPER DRILL,,,,,,,,
HYPER FANG,,,,,,,,
HYPER POTION,,,,,,,,
HYPER VOICE,,,,,,,,
HYPNO,,,,,,,,
HYPNOSIS,,,,,,,,
IAPAPA BERRY,,,,,,,,
ICE BALL,,,,,,,,
ICE BEAM,,,,,,,,
ICEBERG RUINS,,,,,,,,
ICE BODY,,,,,,,,
ICEBOUND FALLS,,,,,,,,
ICE BURN,,,,,,,,
ICE FACE,,,,,,,,
ICEFALL CAVE,,,,,,,,
ICE FANG,,,,,,,,
ICE GEM,,,,,,,,
ICE HAMMER,,,,,,,,
ICE HEAL,,,,,,,,
ICE MEMORY,,,,,,,,
ICE PATH,,,,,,,,
ICEPEAK ARENA,,,,,,,,
ICEPEAK CAVERN,,,,,,,,
ICE PUNCH,,,,,,,,
ICEREND SHRINE,,,,,,,,
ICEROOT CARROT,,,,,,,,
ICE SCALES,,,,,,,,
ICE SHARD,,,,,,,,
ICE SPINNER,,,,,,,,
ICE STONE,,,,,,,,
ICE TERA SHARD,,,,,,,,
ICICLE CRASH,,,,,,,,
ICICLE PLATE,,,,,,,,
ICICLE SPEAR,,,,,,,,
ICIRRUS,,,,,,,,
ICIUM Z BAG,,,,,,,,
ICIUM Z HELD,,,,,,,,
ICY ROCK,,,,,,,,
ICY WIND,,,,,,,,
IGGLYBUFF,,,,,,,,
ILEX FOREST,,,,,,,,
ILLUMINATE,,,,,,,,
ILLUMISE,,,,,,,,
ILLUMISE FLUID,,,,,,,,
ILLUSION,,,,,,,,
IMMUNITY,,,,,,,,
IMPIDIMP,,,,,,,,
IMPIDIMP HAIR,,,,,,,,
IMPOSTER,,,,,,,,
IMPRISON,,,,,,,,
INCINERATE,,,,,,,,
INCINEROAR,,,,,,,,
INCINIUM Z BAG,,,,,,,,
INCINIUM Z HELD,,,,,,,,
INDEEDEE,,,,,,,,
INDEEDEE FUR,,,,,,,,
INDIGO PLATEAU,,,,,,,,
INFERNAL PASS,,,,,,,,
INFERNAPE,,,,,,,,
INFERNO,,,,,,,,
INFESTATION,,,,,,,,
INFILTRATOR,,,,,,,,
INGRAIN,,,,,,,,
INKAY,,,,,,,,
INLET GROTTO,,,,,,,,
INNARDS OUT,,,,,,,,
INNER FOCUS,,,,,,,,
INQUIRY MAIL,,,,,,,,
INSECT PLATE,,,,,,,,
INSIDE OF TRUCK,,,,,,,,
INSOMNIA,,,,,,,,
INSTINCT,,,,,,,,
INSTRUCT,,,,,,,,
INSULAR SEA,,,,,,,,
INTELEON,,,,,,,,
INTERFERENCE,,,,,,,,
INTIMIDATE,,,,,,,,
INTREPID SWORD,,,,,,,,
ION DELUGE,,,,,,,,
IRON,,,,,,,,
IRON BALL,,,,,,,,
IRON BARBS,,,,,,,,
IRON BOULDER,,,,,,,,
IRON BUNDLE,,,,,,,,
IRON CROWN,,,,,,,,
IRON DEFENSE,,,,,,,,
IRON FIST,,,,,,,,
IRON HANDS,,,,,,,,
IRON HEAD,,,,,,,,
IRON ISLAND,,,,,,,,
IRON JUGULIS,,,,,,,,
IRON LEAVES,,,,,,,,
IRON MOTH,,,,,,,,
IRON PLATE,,,,,,,,
IRON ROOM,,,,,,,,
IRON RUINS,,,,,,,,
IRON TAIL,,,,,,,,
IRON THORNS,,,,,,,,
IRON TREADS,,,,,,,,
IRON VALIANT,,,,,,,,
ISLAND CAVE,,,,,,,,
ISLESPY SHORE,,,,,,,,
ITEM DROP,,,,,,,,
ITEM URGE,,,,,,,,
IVY CUDGEL,,,,,,,,
IVYSAUR,,,,,,,,
JABOCA BERRY,,,,,,,,
JADE ORB,,,,,,,,
JAGGED EDGE,,,,,,,,
JAGGED PASS,,,,,,,,
JALAPEO,,,,,,,,
JANGMO O,,,,,,,,
JANGMO O SCALES,,,,,,,,
JAW FOSSIL,,,,,,,,
JAW LOCK,,,,,,,,
JELLICENT,,,,,,,,
JET PUNCH,,,,,,,,
JIGGLYPUFF,,,,,,,,
JIRACHI,,,,,,,,
JOIN AVENUE,,,,,,,,
JOLTEON,,,,,,,,
JOLTIK,,,,,,,,
JOURNAL,,,,,,,,
JUBILIFE,,,,,,,,
JUBILIFE TV,,,,,,,,
JUDGMENT,,,,,,,,
JUMP KICK,,,,,,,,
JUMPLUFF,,,,,,,,
JUNGLE HEALING,,,,,,,,
JUSTIFIED,,,,,,,,
JYNX,,,,,,,,
KABUTO,,,,,,,,
KABUTOPS,,,,,,,,
KADABRA,,,,,,,,
KAKUNA,,,,,,,,
KALAE BAY,,,,,,,,
KANGASKHAN,,,,,,,,
KANGASKHANITE,,,,,,,,
KARATE CHOP,,,,,,,,
KARRABLAST,,,,,,,,
KARTANA,,,,,,,,
KASIB BERRY,,,,,,,,
KEBIA BERRY,,,,,,,,
KECLEON,,,,,,,,
KEE BERRY,,,,,,,,
KEEN EYE,,,,,,,,
KELDEO,,,,,,,,
KELPSY BERRY,,,,,,,,
KETCHUP,,,,,,,,
KILOUDE,,,,,,,,
KILOWATTREL,,,,,,,,
KINDLE ROAD,,,,,,,,
KINESIS,,,,,,,,
KINGAMBIT,,,,,,,,
KINGDRA,,,,,,,,
KINGLER,,,,,,,,
KINGS ROCK,,,,,,,,
KINGS SHIELD,,,,,,,,
KIRLIA,,,,,,,,
KITAKAMI HALL,,,,,,,,
KITAKAMI ROAD,,,,,,,,
KITAKAMI WILDS,,,,,,,,
KIWI,,,,,,,,
KLANG,,,,,,,,
KLAWF,,,,,,,,
KLAWF CLAW,,,,,,,,
KLAWF STICK,,,,,,,,
KLEAVOR,,,,,,,,
KLEFKI,,,,,,,,
KLEFKI KEY,,,,,,,,
KLINK,,,,,,,,
KLINKLANG,,,,,,,,
KLUTZ,,,,,,,,
KNOCK OFF,,,,,,,,
KOFFING,,,,,,,,
KOFFING GAS,,,,,,,,
KOFUS WALLET,,,,,,,,
KOMALA,,,,,,,,
KOMALA CLAW,,,,,,,,
KOMMONIUM Z BAG,,,,,,,,
KOMMO O,,,,,,,,
KONIKONI,,,,,,,,
KORAIDON,,,,,,,,
KOWTOW CLEAVE,,,,,,,,
KRABBY,,,,,,,,
KRICKETOT,,,,,,,,
KRICKETUNE,,,,,,,,
KROKOROK,,,,,,,,
KROOKODILE,,,,,,,,
KUBFU,,,,,,,,
KYOGRE,,,,,,,,
KYUREM,,,,,,,,
LACUNOSA,,,,,,,,
LAFEATHER BALL,,,,,,,,
LAGGING TAIL,,,,,,,,
LAGIGATON BALL,,,,,,,,
LAGREAT BALL,,,,,,,,
LAHEAVY BALL,,,,,,,,
LAIRON,,,,,,,,
LAJET BALL,,,,,,,,
LAKE ACUITY,,,,,,,,
LAKE OF OUTRAGE,,,,,,,,
LAKE OF RAGE,,,,,,,,
LAKESIDE CAVE,,,,,,,,
LAKE VALOR,,,,,,,,
LAKE VERITY,,,,,,,,
LALEADEN BALL,,,,,,,,
LAMPENT,,,,,,,,
LANDORUS,,,,,,,,
LANDS WRATH,,,,,,,,
LANSAT BERRY,,,,,,,,
LANTURN,,,,,,,,
LAORIGIN BALL,,,,,,,,
LAPOKE BALL,,,,,,,,
LAPRAS,,,,,,,,
LARGE LEEK,,,,,,,,
LARVESTA,,,,,,,,
LARVESTA FUZZ,,,,,,,,
LARVITAR,,,,,,,,
LARVITAR CLAW,,,,,,,,
LASER FOCUS,,,,,,,,
LASH OUT,,,,,,,,
LAST BASTION,,,,,,,,
LASTRANGE BALL,,,,,,,,
LAST RESORT,,,,,,,,
LAST RESPECTS,,,,,,,,
LATIAS,,,,,,,,
LATIASITE,,,,,,,,
LATIOS,,,,,,,,
LATIOSITE,,,,,,,,
LAULTRA BALL,,,,,,,,
LAVA COOKIE,,,,,,,,
LAVA PLUME,,,,,,,,
LAVARIDGE,,,,,,,,
LAVENDER,,,,,,,,
LAVERRE,,,,,,,,
LAVERRE GATE,,,,,,,,
LAWING BALL,,,,,,,,
LAX INCENSE,,,,,,,,
LEADERS CREST,,,,,,,,
LEAFAGE,,,,,,,,
LEAF BLADE,,,,,,,,
LEAFEON,,,,,,,,
LEAF GUARD,,,,,,,,
LEAF STONE,,,,,,,,
LEAF STORM,,,,,,,,
LEAF TORNADO,,,,,,,,
LEAVANNY,,,,,,,,
LECHONK,,,,,,,,
LECHONK HAIR,,,,,,,,
LEDIAN,,,,,,,,
LEDYBA,,,,,,,,
LEECH LIFE,,,,,,,,
LEECH SEED,,,,,,,,
LEER,,,,,,,,
LEFTOVERS,,,,,,,,
LEFT POKE BALL,,,,,,,,
LEGEND PLATE,,,,,,,,
LEMONADE,,,,,,,,
LENS CASE,,,,,,,,
LENTIMAS,,,,,,,,
LEPPA BERRY,,,,,,,,
LETTUCE,,,,,,,,
LEVEL BALL,,,,,,,,
LEVINCIA,,,,,,,,
LEVITATE,,,,,,,,
LIBERO,,,,,,,,
LIBERTY GARDEN,,,,,,,,
LIBERTY PASS,,,,,,,,
LICK,,,,,,,,
LICKILICKY,,,,,,,,
LICKITUNG,,,,,,,,
LIECHI BERRY,,,,,,,,
LIEPARD,,,,,,,,
LIFE DEW,,,,,,,,
LIFE FORCE,,,,,,,,
LIFE ORB,,,,,,,,
LIFT KEY,,,,,,,,
LIGHT BALL,,,,,,,,
LIGHT CLAY,,,,,,,,
LIGHT METAL,,,,,,,,
LIGHTNING ROD,,,,,,,,
LIGHT OF RUIN,,,,,,,,
LIGHT SCREEN,,,,,,,,
LIGHT STONE,,,,,,,,
LIKE MAIL,,,,,,,,
LILEEP,,,,,,,,
LILLIGANT,,,,,,,,
LILLIPUP,,,,,,,,
LILYCOVE,,,,,,,,
LIMBER,,,,,,,,
LINKING CORD,,,,,,,,
LINK TRADE MET,,,,,,,,
LINOONE,,,,,,,,
LIPTOO CHAMBER,,,,,,,,
LIQUIDATION,,,,,,,,
LIQUID OOZE,,,,,,,,
LIQUID VOICE,,,,,,,,
LITLEO,,,,,,,,
LITLEO TUFT,,,,,,,,
LITTEN,,,,,,,,
LITTLEROOT,,,,,,,,
LITWICK,,,,,,,,
LITWICK SOOT,,,,,,,,
LOADED DICE,,,,,,,,
LOCK CAPSULE,,,,,,,,
LOCK ON,,,,,,,,
LOKIX,,,,,,,,
LOMBRE,,,,,,,,
LONE EARRING,,,,,,,,
LONELY SPRING,,,,,,,,
LONG REACH,,,,,,,,
LOOKER TICKET,,,,,,,,
LOOP LAGOON,,,,,,,,
LOOT SACK,,,,,,,,
LOPUNNITE,,,,,,,,
LOPUNNY,,,,,,,,
LOS PLATOS,,,,,,,,
LOST CAVE,,,,,,,,
LOST HOTEL,,,,,,,,
LOST ITEM,,,,,,,,
LOST TOWER,,,,,,,,
LOTAD,,,,,,,,
LOTAD LEAF,,,,,,,,
LOUDRED,,,,,,,,
LOVE BALL,,,,,,,,
LOVELY KISS,,,,,,,,
LOVELY PLACE,,,,,,,,
LOVE SWEET,,,,,,,,
LOW KICK,,,,,,,,
LOW SWEEP,,,,,,,,
LOYALTY PLAZA,,,,,,,,
LUCARIO,,,,,,,,
LUCARIONITE,,,,,,,,
LUCK INCENSE,,,,,,,,
LUCKY CHANT,,,,,,,,
LUCKY EGG,,,,,,,,
LUCKY PUNCH,,,,,,,,
LUDICOLO,,,,,,,,
LUGIA,,,,,,,,
LULLABY,,,,,,,,
LUM BERRY,,,,,,,,
LUMINA CRASH,,,,,,,,
LUMINEON,,,,,,,,
LUMINOUS MOSS,,,,,,,,
LUMIOSE,,,,,,,,
LUMIOSE GATE,,,,,,,,
LUNALA,,,,,,,,
LUNALIUM Z BAG,,,,,,,,
LUNALIUM Z HELD,,,,,,,,
LUNAR BLESSING,,,,,,,,
LUNAR DANCE,,,,,,,,
LUNAR WING,,,,,,,,
LUNATONE,,,,,,,,
LUNCHBOX,,,,,,,,
LUNGE,,,,,,,,
LUNKERS LAIR,,,,,,,,
LURANTIS,,,,,,,,
LURE BALL,,,,,,,,
LUSH JUNGLE,,,,,,,,
LUSTER PURGE,,,,,,,,
LUSTROUS GLOBE,,,,,,,,
LUSTROUS ORB,,,,,,,,
LUVDISC,,,,,,,,
LUVDISC SCALES,,,,,,,,
LUXIO,,,,,,,,
LUXRAY,,,,,,,,
LUXURY BALL,,,,,,,,
LYCANIUM Z BAG,,,,,,,,
LYCANIUM Z HELD,,,,,,,,
LYCANROC,,,,,,,,
LYSANDRE LABS,,,,,,,,
MABOSSTIFF,,,,,,,,
MACHAMP,,,,,,,,
MACH BIKE,,,,,,,,
MACHINE PART,,,,,,,,
MACHO BRACE,,,,,,,,
MACHOKE,,,,,,,,
MACHOP,,,,,,,,
MACH PUNCH,,,,,,,,
MAGBY,,,,,,,,
MAGCARGO,,,,,,,,
MAGEARNA,,,,,,,,
MAGICAL LEAF,,,,,,,,
MAGICAL TORQUE,,,,,,,,
MAGIC BOUNCE,,,,,,,,
MAGIC COAT,,,,,,,,
MAGIC GUARD,,,,,,,,
MAGICIAN,,,,,,,,
MAGIC POWDER,,,,,,,,
MAGIC ROOM,,,,,,,,
MAGIKARP,,,,,,,,
MAGMA ARMOR,,,,,,,,
MAGMA EMBLEM,,,,,,,,
MAGMA HIDEOUT,,,,,,,,
MAGMAR,,,,,,,,
MAGMARIZER,,,,,,,,
MAGMA STONE,,,,,,,,
MAGMA STORM,,,,,,,,
MAGMA SUIT,,,,,,,,
MAGMORTAR,,,,,,,,
MAGNEMITE,,,,,,,,
MAGNET,,,,,,,,
MAGNET BOMB,,,,,,,,
MAGNETIC FLUX,,,,,,,,
MAGNETON,,,,,,,,
MAGNET PULL,,,,,,,,
MAGNET RISE,,,,,,,,
MAGNEZONE,,,,,,,,
MAGNITUDE,,,,,,,,
MAGO BERRY,,,,,,,,
MAGOST BERRY,,,,,,,,
MAHALO TRAIL,,,,,,,,
MAHOGANY,,,,,,,,
MAKE IT RAIN,,,,,,,,
MAKEUP BAG,,,,,,,,
MAKUHITA,,,,,,,,
MAKUHITA SWEAT,,,,,,,,
MALAMAR,,,,,,,,
MALIE,,,,,,,,
MALIE GARDEN,,,,,,,,
MAMOSWINE,,,,,,,,
MAMOSWINE ROAD,,,,,,,,
MANAPHY,,,,,,,,
MANDIBUZZ,,,,,,,,
MANECTITE,,,,,,,,
MANECTRIC,,,,,,,,
MANIAC TUNNEL,,,,,,,,
MANKEY,,,,,,,,
MANKEY FUR,,,,,,,,
MANTINE,,,,,,,,
MANTYKE,,,,,,,,
MARACTUS,,,,,,,,
MARANGA BERRY,,,,,,,,
MARBLE,,,,,,,,
MAREANIE,,,,,,,,
MAREANIE SPIKE,,,,,,,,
MAREEP,,,,,,,,
MAREEP WOOL,,,,,,,,
MARILL,,,,,,,,
MARILL BALL,,,,,,,,
MARINE CAVE,,,,,,,,
MARINE TUBE,,,,,,,,
MARK CHARM,,,,,,,,
MARMALADE,,,,,,,,
MAROWAK,,,,,,,,
MARSHADOW,,,,,,,,
MARSHTOMP,,,,,,,,
MARVEL SCALE,,,,,,,,
MASCHIFF,,,,,,,,
MASCHIFF FANG,,,,,,,,
MASQUERAIN,,,,,,,,
MASTER BALL,,,,,,,,
MASTER DOJO,,,,,,,,
MAT BLOCK,,,,,,,,
MATCHA GOTCHA,,,,,,,,
MAUSHOLD,,,,,,,,
MAUVILLE,,,,,,,,
MAWILE,,,,,,,,
MAWILITE,,,,,,,,
MAX AIRSTREAM,,,,,,,,
MAX DARKNESS,,,,,,,,
MAX ELIXIR,,,,,,,,
MAX ETHER,,,,,,,,
MAX FLARE,,,,,,,,
MAX FLUTTERBY,,,,,,,,
MAX GEYSER,,,,,,,,
MAX GUARD,,,,,,,,
MAX HAILSTORM,,,,,,,,
MAX HONEY,,,,,,,,
MAX KNUCKLE,,,,,,,,
MAX LAIR,,,,,,,,
MAX LIGHTNING,,,,,,,,
MAX LURE,,,,,,,,
MAX MINDSTORM,,,,,,,,
MAX MUSHROOMS,,,,,,,,
MAX OOZE,,,,,,,,
MAX OVERGROWTH,,,,,,,,
MAX PHANTASM,,,,,,,,
MAX POTION,,,,,,,,
MAX QUAKE,,,,,,,,
MAX REPEL,,,,,,,,
MAX REVIVE,,,,,,,,
MAX ROCKFALL,,,,,,,,
MAX STARFALL,,,,,,,,
MAX STEELSPIKE,,,,,,,,
MAX STRIKE,,,,,,,,
MAX WYRMWIND,,,,,,,,
MAYONNAISE,,,,,,,,
MEADOW PLATE,,,,,,,,
MEAN LOOK,,,,,,,,
MECH MAIL,,,,,,,,
MEDAL BOX,,,,,,,,
MEDALI,,,,,,,,
MEDIC,,,,,,,,
MEDICHAM,,,,,,,,
MEDICHAMITE,,,,,,,,
MEDITATE,,,,,,,,
MEDITITE,,,,,,,,
MEDITITE SWEAT,,,,,,,,
ME FIRST,,,,,,,,
MEGA ANCHOR,,,,,,,,
MEGA ANKLET,,,,,,,,
MEGA BRACELET,,,,,,,,
MEGA CHARM,,,,,,,,
MEGA CUFF,,,,,,,,
MEGA DRAIN,,,,,,,,
MEGA GLASSES,,,,,,,,
MEGA GLOVE,,,,,,,,
MEGAHORN,,,,,,,,
MEGA KICK,,,,,,,,
MEGA LAUNCHER,,,,,,,,
MEGANIUM,,,,,,,,
MEGA PENDANT,,,,,,,,
MEGA PUNCH,,,,,,,,
MEGA RING,,,,,,,,
MEGA STICKPIN,,,,,,,,
MEGA TIARA,,,,,,,,
MELEE,,,,,,,,
MELEMELE SEA,,,,,,,,
MELMETAL,,,,,,,,
MELOETTA,,,,,,,,
MELTAN,,,,,,,,
MEMBER CARD,,,,,,,,
MEMENTO,,,,,,,,
MEMORIAL HILL,,,,,,,,
MENHIR TRAIL,,,,,,,,
MENTAL HERB,,,,,,,,
MEOWSCARADA,,,,,,,,
MEOWSTIC,,,,,,,,
MEOWTH,,,,,,,,
MEOWTH FUR,,,,,,,,
MERCILESS,,,,,,,,
MESAGOZA,,,,,,,,
MESPRIT,,,,,,,,
METAGROSS,,,,,,,,
METAGROSSITE,,,,,,,,
METAL BURST,,,,,,,,
METAL CLAW,,,,,,,,
METAL COAT,,,,,,,,
METAL POWDER,,,,,,,,
METAL SOUND,,,,,,,,
METANG,,,,,,,,
METAPOD,,,,,,,,
METEOR ASSAULT,,,,,,,,
METEOR BEAM,,,,,,,,
METEOR FALLS,,,,,,,,
METEORITE,,,,,,,,
METEOR MASH,,,,,,,,
METRONOME,,,,,,,,
MEWNIUM Z BAG,,,,,,,,
MEWNIUM Z HELD,,,,,,,,
MEWTWO,,,,,,,,
MEWTWONITE X,,,,,,,,
MEWTWONITE Y,,,,,,,,
MICLE BERRY,,,,,,,,
MIENFOO,,,,,,,,
MIENFOO CLAW,,,,,,,,
MIENSHAO,,,,,,,,
MIGHTY CLEAVE,,,,,,,,
MIGHTYENA,,,,,,,,
MILCERY,,,,,,,,
MILK DRINK,,,,,,,,
MILOTIC,,,,,,,,
MILTANK,,,,,,,,
MIME JR,,,,,,,,
MIMIC,,,,,,,,
MIMICRY,,,,,,,,
MIMIKIUM Z BAG,,,,,,,,
MIMIKIUM Z HELD,,,,,,,,
MIMIKYU,,,,,,,,
MIMIKYU SCRAP,,,,,,,,
MINCCINO,,,,,,,,
MIND BLOWN,,,,,,,,
MIND PLATE,,,,,,,,
MIND READER,,,,,,,,
MINDS EYE,,,,,,,,
MINIMIZE,,,,,,,,
MINING MUSEUM,,,,,,,,
MINIOR,,,,,,,,
MINUN,,,,,,,,
MINUS,,,,,,,,
MIRACLE EYE,,,,,,,,
MIRACLE SEED,,,,,,,,
MIRAGE CAVE,,,,,,,,
MIRAGE FOREST,,,,,,,,
MIRAGE ISLAND,,,,,,,,
MIRAGE TOWER,,,,,,,,
MIRAIDON,,,,,,,,
MIROIR WAY,,,,,,,,
MIRROR ARMOR,,,,,,,,
MIRROR COAT,,,,,,,,
MIRROR HERB,,,,,,,,
MIRROR MOVE,,,,,,,,
MIRROR SHOT,,,,,,,,
MISDREAVUS,,,,,,,,
MISMAGIUS,,,,,,,,
MIST,,,,,,,,
MIST BALL,,,,,,,,
MISTRALTON,,,,,,,,
MISTY SEED,,,,,,,,
MISTY SURGE,,,,,,,,
MISTY TERRAIN,,,,,,,,
MOLD BREAKER,,,,,,,,
MOLTEN ARENA,,,,,,,,
MOLTRES,,,,,,,,
MONEAN CHAMBER,,,,,,,,
MONFERNO,,,,,,,,
MONTENEVERA,,,,,,,,
MOOD MAKER,,,,,,,,
MOODY,,,,,,,,
MOOMOO CHEESE,,,,,,,,
MOOMOO MILK,,,,,,,,
MOON BALL,,,,,,,,
MOONBLAST,,,,,,,,
MOON FLUTE,,,,,,,,
MOONGEIST BEAM,,,,,,,,
MOONLIGHT,,,,,,,,
MOON STONE,,,,,,,,
MOONVIEW ARENA,,,,,,,,
MOOR OF ICIRRUS,,,,,,,,
MORELULL,,,,,,,,
MORGREM,,,,,,,,
MORNING SUN,,,,,,,,
MORPEKO,,,,,,,,
MORPEKO SNACK,,,,,,,,
MORTAL SPIN,,,,,,,,
MOSAIC MAIL,,,,,,,,
MOSSDEEP,,,,,,,,
MOSSUI,,,,,,,,
MOTHIM,,,,,,,,
MOTOR DRIVE,,,,,,,,
MOTOSTOKE,,,,,,,,
MOUNTAINEER,,,,,,,,
MOUNTAIN GALE,,,,,,,,
MOUNT HOKULANI,,,,,,,,
MOUNT LANAKILA,,,,,,,,
MOXIE,,,,,,,,
MR MIME,,,,,,,,
MR POKEMON,,,,,,,,
MR RIME,,,,,,,,
MT CHIMNEY,,,,,,,,
MT CORONET,,,,,,,,
MT EMBER,,,,,,,,
MT MOON,,,,,,,,
MT MORTAR,,,,,,,,
MT PYRE,,,,,,,,
MT SILVER,,,,,,,,
MT SILVER CAVE,,,,,,,,
MUD BOMB,,,,,,,,
MUDBRAY,,,,,,,,
MUDBRAY MUD,,,,,,,,
MUDDY WATER,,,,,,,,
MUDKIP,,,,,,,,
MUDSDALE,,,,,,,,
MUD SHOT,,,,,,,,
MUD SLAP,,,,,,,,
MUD SPORT,,,,,,,,
MULTI ATTACK,,,,,,,,
MULTISCALE,,,,,,,,
MULTITYPE,,,,,,,,
MUMMY,,,,,,,,
MUNCHLAX,,,,,,,,
MUNCHLAX FANG,,,,,,,,
MUNKIDORI,,,,,,,,
MUNNA,,,,,,,,
MURAILLE COAST,,,,,,,,
MURKROW,,,,,,,,
MURKROW BAUBLE,,,,,,,,
MUSCLE BAND,,,,,,,,
MUSCLE MOCHI,,,,,,,,
MUSCLE WING,,,,,,,,
MUSHARNA,,,,,,,,
MUSTARD,,,,,,,,
MYCELIUM MIGHT,,,,,,,,
MYSTERY EGG,,,,,,,,
MYSTERY ZONE,,,,,,,,
MYSTICAL FIRE,,,,,,,,
MYSTICAL POWER,,,,,,,,
MYSTICTICKET,,,,,,,,
MYSTIC WATER,,,,,,,,
NACLI,,,,,,,,
NACLI SALT,,,,,,,,
NACLSTACK,,,,,,,,
NACRENE,,,,,,,,
NACRENE GATE,,,,,,,,
NAGANADEL,,,,,,,,
NANAB BERRY,,,,,,,,
NASTY PLOT,,,,,,,,
NATIONAL PARK,,,,,,,,
NATU,,,,,,,,
NATURAL CURE,,,,,,,,
NATURAL GIFT,,,,,,,,
NATURE POWER,,,,,,,,
NATURES PANTRY,,,,,,,,
NAVEL ROCK,,,,,,,,
NECROZMA,,,,,,,,
NEEDLE ARM,,,,,,,,
NEST BALL,,,,,,,,
NET BALL,,,,,,,,
NEUROFORCE,,,,,,,,
NEVER MELT ICE,,,,,,,,
NEW BARK,,,,,,,,
NEW MAUVILLE,,,,,,,,
NEWMOON ISLAND,,,,,,,,
NICKIT,,,,,,,,
NIDOKING,,,,,,,,
NIDOQUEEN,,,,,,,,
NIDORAN F,,,,,,,,
NIDORAN M,,,,,,,,
NIDORINA,,,,,,,,
NIDORINO,,,,,,,,
NIGHT DAZE,,,,,,,,
NIGHTMARE,,,,,,,,
NIGHT SHADE,,,,,,,,
NIGHT SLASH,,,,,,,,
NIHILEGO,,,,,,,,
NIMBASA,,,,,,,,
NIMBASA GATE,,,,,,,,
NINCADA,,,,,,,,
NINETALES,,,,,,,,
NINJASK,,,,,,,,
NINTENDO WORLD,,,,,,,,
NOBLE ROAR,,,,,,,,
NOCTOWL,,,,,,,,
NO GUARD,,,,,,,,
NOIBAT,,,,,,,,
NOIBAT FUR,,,,,,,,
NOIVERN,,,,,,,,
NOMAD,,,,,,,,
NOMEL BERRY,,,,,,,,
NO RETREAT,,,,,,,,
NORMAL,,,,,,,,
NORMAL GEM,,,,,,,,
NORMALIUM Z BAG,,,,,,,,
NORMALIZE,,,,,,,,
NOSEPASS,,,,,,,,
NOXIOUS TORQUE,,,,,,,,
NS CASTLE,,,,,,,,
NUGGET,,,,,,,,
NUMEL,,,,,,,,
NUMEL LAVA,,,,,,,,
NURSE,,,,,,,,
NUVEMA,,,,,,,,
NUZLEAF,,,,,,,,
NUZZLE,,,,,,,,
NYMBLE,,,,,,,,
NYMBLE CLAW,,,,,,,,
OAKS LETTER,,,,,,,,
OAKS PARCEL,,,,,,,,
OBLIVION WING,,,,,,,,
OBLIVIOUS,,,,,,,,
OBSIDIAN FALLS,,,,,,,,
OBSTAGOON,,,,,,,,
OBSTRUCT,,,,,,,,
OCCA BERRY,,,,,,,,
OCTAZOOKA,,,,,,,,
OCTILLERY,,,,,,,,
OCTOLOCK,,,,,,,,
ODD INCENSE,,,,,,,,
ODDISH,,,,,,,,
ODD KEYSTONE,,,,,,,,
ODOR SLEUTH,,,,,,,,
OGERPON,,,,,,,,
OINKOLOGNE,,,,,,,,
OKIDOGI,,,,,,,,
OLDALE,,,,,,,,
OLD AMBER,,,,,,,,
OLD CEMETERY,,,,,,,,
OLD CHARM,,,,,,,,
OLD CHATEAU,,,,,,,,
OLD GATEAU,,,,,,,,
OLD LETTER,,,,,,,,
OLD ROD,,,,,,,,
OLD SEA MAP,,,,,,,,
OLIVE OIL,,,,,,,,
OLIVINE,,,,,,,,
OMANYTE,,,,,,,,
OMASTAR,,,,,,,,
OMINOUS WIND,,,,,,,,
OMNIPOTENT,,,,,,,,
ONE ISLAND,,,,,,,,
ONI MOUNTAIN,,,,,,,,
ONION,,,,,,,,
ONIS MAW,,,,,,,,
ONIX,,,,,,,,
OPELUCID,,,,,,,,
OPELUCID GATE,,,,,,,,
OPPORTUNIST,,,,,,,,
ORAN BERRY,,,,,,,,
ORANGE DISH,,,,,,,,
ORANGE MAIL,,,,,,,,
ORANGE PETAL,,,,,,,,
ORANGURU,,,,,,,,
ORANGURU FUR,,,,,,,,
ORBEETLE,,,,,,,,
ORDER UP,,,,,,,,
OREBURGH,,,,,,,,
OREBURGH GATE,,,,,,,,
OREBURGH MINE,,,,,,,,
ORICORIO,,,,,,,,
ORIGIN PULSE,,,,,,,,
ORTHWORM,,,,,,,,
OSHAWOTT,,,,,,,,
OUTCAST ISLAND,,,,,,,,
OUTRAGE,,,,,,,,
OUVERT WAY,,,,,,,,
OVAL CHARM,,,,,,,,
OVAL STONE,,,,,,,,
OVERCOAT,,,,,,,,
OVERDRIVE,,,,,,,,
OVERGROW,,,,,,,,
OVERHEAT,,,,,,,,
OVERQWIL,,,,,,,,
OWN TEMPO,,,,,,,,
PACHIRISU,,,,,,,,
PACHIRISU FUR,,,,,,,,
PACIFIDLOG,,,,,,,,
PAIN SPLIT,,,,,,,,
PAIR OF TICKETS,,,,,,,,
PALAFIN,,,,,,,,
PALAIS LANE,,,,,,,,
PALKIA,,,,,,,,
PALLET,,,,,,,,
PALOSSAND,,,,,,,,
PAL PAD,,,,,,,,
PAL PARK,,,,,,,,
PALPITOAD,,,,,,,,
PAMTRE BERRY,,,,,,,,
PANCHAM,,,,,,,,
PANGORO,,,,,,,,
PANIOLA,,,,,,,,
PANIOLA RANCH,,,,,,,,
PANPOUR,,,,,,,,
PANSAGE,,,,,,,,
PANSEAR,,,,,,,,
PARALYZE HEAL,,,,,,,,
PARAS,,,,,,,,
PARASECT,,,,,,,,
PARASOL PICK,,,,,,,,
PARCEL,,,,,,,,
PARCEL LETSGO,,,,,,,,
PARENTAL BOND,,,,,,,,
PARFUM PALACE,,,,,,,,
PARK BALL,,,,,,,,
PARRY,,,,,,,,
PARTERRE WAY,,,,,,,,
PARTING SHOT,,,,,,,,
PASSHO BERRY,,,,,,,,
PASSIMIAN,,,,,,,,
PASSIMIAN FUR,,,,,,,,
PASS ORB,,,,,,,,
PASTA,,,,,,,,
PASTEL VEIL,,,,,,,,
PASTORIA,,,,,,,,
PATHLESS PLAIN,,,,,,,,
PATH TO THE PEAK,,,,,,,,
PATRAT,,,,,,,,
PATTERN BUSH,,,,,,,,
PAWMI,,,,,,,,
PAWMI FUR,,,,,,,,
PAWMO,,,,,,,,
PAWMOT,,,,,,,,
PAWNIARD,,,,,,,,
PAWNIARD BLADE,,,,,,,,
PAYAPA BERRY,,,,,,,,
PAYBACK,,,,,,,,
PAY DAY,,,,,,,,
PC FUKUOKA,,,,,,,,
PC NAGOYA,,,,,,,,
PC OSAKA,,,,,,,,
PC SAPPORO,,,,,,,,
PC TOKYO,,,,,,,,
PC YOKOHAMA,,,,,,,,
PEANUT BUTTER,,,,,,,,
PEARL,,,,,,,,
PEARL STRING,,,,,,,,
PEAT BLOCK,,,,,,,,
PECHA BERRY,,,,,,,,
PECHARUNT,,,,,,,,
PECK,,,,,,,,
PELIPPER,,,,,,,,
PEPPER,,,,,,,,
PERCEPTION,,,,,,,,
PERISH BODY,,,,,,,,
PERISH SONG,,,,,,,,
PERMIT,,,,,,,,
PERRSERKER,,,,,,,,
PERSIAN,,,,,,,,
PERSIM BERRY,,,,,,,,
PETAL BLIZZARD,,,,,,,,
PETALBURG,,,,,,,,
PETAL DANCE,,,,,,,,
PETAYA BERRY,,,,,,,,
PETILIL,,,,,,,,
PETILIL LEAF,,,,,,,,
PEWTER,,,,,,,,
PHANPY,,,,,,,,
PHANPY NAIL,,,,,,,,
PHANTOM FORCE,,,,,,,,
PHANTUMP,,,,,,,,
PHANTUMP TWIG,,,,,,,,
PHEROMOSA,,,,,,,,
PHIONE,,,,,,,,
PHOTO ALBUM,,,,,,,,
PHOTON GEYSER,,,,,,,,
PICHU,,,,,,,,
PICHU FUR,,,,,,,,
PICKLE,,,,,,,,
PICKPOCKET,,,,,,,,
PICKUP,,,,,,,,
PIDGEOT,,,,,,,,
PIDGEOTITE,,,,,,,,
PIDGEOTTO,,,,,,,,
PIDGEY,,,,,,,,
PIDOVE,,,,,,,,
PIGNITE,,,,,,,,
PIKACHU,,,,,,,,
PIKACHU CUP,,,,,,,,
PIKANIUM Z BAG,,,,,,,,
PIKANIUM Z HELD,,,,,,,,
PIKA PAPOW,,,,,,,,
PIKA PIKA PICK,,,,,,,,
PIKIPEK,,,,,,,,
PILOSWINE,,,,,,,,
PINAP BERRY,,,,,,,,
PINCURCHIN,,,,,,,,
PINEAPPLE,,,,,,,,
PINECO,,,,,,,,
PINECO HUSK,,,,,,,,
PINK BOTTLE,,,,,,,,
PINK CUP,,,,,,,,
PINK NECTAR,,,,,,,,
PINK PETAL,,,,,,,,
PINK SCARF,,,,,,,,
PIN MISSILE,,,,,,,,
PINSIR,,,,,,,,
PINSIRITE,,,,,,,,
PIPLUP,,,,,,,,
PIXIE PLATE,,,,,,,,
PIXILATE,,,,,,,,
PLASMA CARD,,,,,,,,
PLASMA FISTS,,,,,,,,
PLASMA FRIGATE,,,,,,,,
PLAY NICE,,,,,,,,
PLAY ROUGH,,,,,,,,
PLEDGE GROVE,,,,,,,,
PLUCK,,,,,,,,
PLUME FOSSIL,,,,,,,,
PLUS,,,,,,,,
PLUSLE,,,,,,,,
POCO PATH,,,,,,,,
POFFIN CASE,,,,,,,,
POFFIN HOUSE,,,,,,,,
POINT CARD,,,,,,,,
POIPOLE,,,,,,,,
POISON,,,,,,,,
POISON BARB,,,,,,,,
POISON FANG,,,,,,,,
POISON GAS,,,,,,,,
POISON GEM,,,,,,,,
POISON HEAL,,,,,,,,
POISONIUM Z BAG,,,,,,,,
POISON JAB,,,,,,,,
POISON MEMORY,,,,,,,,
POISON POINT,,,,,,,,
POISON POWDER,,,,,,,,
POISON STING,,,,,,,,
POISON TAIL,,,,,,,,
POISON TOUCH,,,,,,,,
POKE BALL,,,,,,,,
POKEBLOCK CASE,,,,,,,,
POKEBLOCK KIT,,,,,,,,
POKE DOLL,,,,,,,,
POKE FLUTE,,,,,,,,
POKEMON,,,,,,,,
POKEMON BOX,,,,,,,,
POKEMON CENTER,,,,,,,,
POKEMON EVENT,,,,,,,,
POKEMON FESTA,,,,,,,,
POKEMON LEAGUE,,,,,,,,
POKEMON MOVIE,,,,,,,,
POKEMON RANGER,,,,,,,,
POKEMON TOWER,,,,,,,,
POKEPARK,,,,,,,,
POKE PELAGO,,,,,,,,
POKE RADAR,,,,,,,,
POKETCH CO,,,,,,,,
POKE TOY,,,,,,,,
POKEWALKER,,,,,,,,
POLAR BIOME,,,,,,,,
POLAR PLAZA,,,,,,,,
POLITOED,,,,,,,,
POLIWAG,,,,,,,,
POLIWAG SLIME,,,,,,,,
POLIWHIRL,,,,,,,,
POLIWRATH,,,,,,,,
POLKA DOT CUP,,,,,,,,
POLLEN PUFF,,,,,,,,
POLTCHAGEIST,,,,,,,,
POLTEAGEIST,,,,,,,,
POLTERGEIST,,,,,,,,
POMEG BERRY,,,,,,,,
PONI COAST,,,,,,,,
PONI GAUNTLET,,,,,,,,
PONI GROVE,,,,,,,,
PONI MEADOW,,,,,,,,
PONI PLAINS,,,,,,,,
PONI WILDS,,,,,,,,
PONYTA,,,,,,,,
POOCHYENA,,,,,,,,
POOCHYENA FANG,,,,,,,,
POPPLIO,,,,,,,,
PORTO MARINADA,,,,,,,,
PORYGON,,,,,,,,
PORYGON Z,,,,,,,,
POSTWICK,,,,,,,,
POTATO SALAD,,,,,,,,
POTION,,,,,,,,
POUNCE,,,,,,,,
POUND,,,,,,,,
POWDER JAR,,,,,,,,
POWDER SNOW,,,,,,,,
POWER ANKLET,,,,,,,,
POWER BAND,,,,,,,,
POWER BELT,,,,,,,,
POWER BRACER,,,,,,,,
POWER GEM,,,,,,,,
POWER HERB,,,,,,,,
POWER LENS,,,,,,,,
POWER NAP,,,,,,,,
POWER PLANT,,,,,,,,
POWER SHIFT,,,,,,,,
POWER SPLIT,,,,,,,,
POWER SPOT,,,,,,,,
POWER SWAP,,,,,,,,
POWER TRICK,,,,,,,,
POWER TRIP,,,,,,,,
POWER UP POCKET,,,,,,,,
POWER UP PUNCH,,,,,,,,
POWER WEIGHT,,,,,,,,
POWER WHIP,,,,,,,,
PP MAX,,,,,,,,
PP UP,,,,,,,,
PRANKSTER,,,,,,,,
PREMIER BALL,,,,,,,,
PRESENT,,,,,,,,
PRESSURE,,,,,,,,
PRETTY WING,,,,,,,,
PRIDE,,,,,,,,
PRIMARINA,,,,,,,,
PRIMARIUM Z BAG,,,,,,,,
PRIMEAPE,,,,,,,,
PRIMO,,,,,,,,
PRIMORDIAL SEA,,,,,,,,
PRINPLUP,,,,,,,,
PRISM ARMOR,,,,,,,,
PRISM SCALE,,,,,,,,
PRISM TOWER,,,,,,,,
PRISON BOTTLE,,,,,,,,
PROBOPASS,,,,,,,,
PROFS LETTER,,,,,,,,
PROP CASE,,,,,,,,
PROPELLER TAIL,,,,,,,,
PROSCIUTTO,,,,,,,,
PROTEAN,,,,,,,,
PROTECT,,,,,,,,
PROTECTOR,,,,,,,,
PROTEIN,,,,,,,,
PSYBEAM,,,,,,,,
PSYBLADE,,,,,,,,
PSYCHIC,,,,,,,,
PSYCHIC FANGS,,,,,,,,
PSYCHIC GEM,,,,,,,,
PSYCHIC MEMORY,,,,,,,,
PSYCHIC NOISE,,,,,,,,
PSYCHIC SEED,,,,,,,,
PSYCHIC SURGE,,,,,,,,
PSYCHIUM Z BAG,,,,,,,,
PSYCHIUM Z HELD,,,,,,,,
PSYCHO BOOST,,,,,,,,
PSYCHO CUT,,,,,,,,
PSYCHO SHIFT,,,,,,,,
PSYCH UP,,,,,,,,
PSYDUCK,,,,,,,,
PSYDUCK DOWN,,,,,,,,
PSYSHIELD BASH,,,,,,,,
PSYSHOCK,,,,,,,,
PSYSTRIKE,,,,,,,,
PSYWAVE,,,,,,,,
PUMPKABOO,,,,,,,,
PUNCHING GLOVE,,,,,,,,
PUNGENT ROOT,,,,,,,,
PUNISHMENT,,,,,,,,
PUNK ROCK,,,,,,,,
PUPITAR,,,,,,,,
PURE INCENSE,,,,,,,,
PURE POWER,,,,,,,,
PURIFY,,,,,,,,
PURIFYING SALT,,,,,,,,
PURPLE NECTAR,,,,,,,,
PURPLE PETAL,,,,,,,,
PURRLOIN,,,,,,,,
PURSUIT,,,,,,,,
PURUGLY,,,,,,,,
PYROAR,,,,,,,,
PYRO BALL,,,,,,,,
PYUKUMUKU,,,,,,,,
QUAGSIRE,,,,,,,,
QUALOT BERRY,,,,,,,,
QUAQUAVAL,,,,,,,,
QUARK DRIVE,,,,,,,,
QUASH,,,,,,,,
QUAXLY,,,,,,,,
QUAXWELL,,,,,,,,
QUICK ATTACK,,,,,,,,
QUICK BALL,,,,,,,,
QUICK CLAW,,,,,,,,
QUICK DRAW,,,,,,,,
QUICK FEET,,,,,,,,
QUICK GUARD,,,,,,,,
QUICK POWDER,,,,,,,,
QUILAVA,,,,,,,,
QUILLADIN,,,,,,,,
QUIVER DANCE,,,,,,,,
QWILFISH,,,,,,,,
RABOOT,,,,,,,,
RABSCA,,,,,,,,
RABUTA BERRY,,,,,,,,
RADIANT PETAL,,,,,,,,
RADIO TOWER,,,,,,,,
RAGE FIST,,,,,,,,
RAGE POWDER,,,,,,,,
RAGING BOLT,,,,,,,,
RAGING BULL,,,,,,,,
RAGING FURY,,,,,,,,
RAICHU,,,,,,,,
RAIKOU,,,,,,,,
RAINBOW FLOWER,,,,,,,,
RAINBOW PASS,,,,,,,,
RAINBOW WING,,,,,,,,
RAIN DANCE,,,,,,,,
RAIN DISH,,,,,,,,
RALTS,,,,,,,,
RALTS DUST,,,,,,,,
RAMANAS ISLAND,,,,,,,,
RAMPARDOS,,,,,,,,
RAPIDASH,,,,,,,,
RAPID SPIN,,,,,,,,
RARE BONE,,,,,,,,
RATICATE,,,,,,,,
RATTATA,,,,,,,,
RATTLED,,,,,,,,
RAVAGED PATH,,,,,,,,
RAWST BERRY,,,,,,,,
RAYQUAZA,,,,,,,,
RAZOR CLAW,,,,,,,,
RAZOR FANG,,,,,,,,
RAZOR LEAF,,,,,,,,
RAZOR SHELL,,,,,,,,
RAZOR WIND,,,,,,,,
RAZZ BERRY,,,,,,,,
REAPER CLOTH,,,,,,,,
RECEIVER,,,,,,,,
RECKLESS,,,,,,,,
RECOVER,,,,,,,,
RECYCLE,,,,,,,,
RED BELL PEPPER,,,,,,,,
RED CARD,,,,,,,,
RED CHAIN,,,,,,,,
RED DISH,,,,,,,,
RED FLAG PICK,,,,,,,,
RED FLUTE,,,,,,,,
RED NECTAR,,,,,,,,
RED ONION,,,,,,,,
RED ORB,,,,,,,,
RED PETAL,,,,,,,,
RED SCALE,,,,,,,,
RED SCARF,,,,,,,,
RED SHARD,,,,,,,,
REFLECT,,,,,,,,
REFLECT TYPE,,,,,,,,
REFRESH,,,,,,,,
REFRIGERATE,,,,,,,,
REGENERATOR,,,,,,,,
REGICE,,,,,,,,
REGIDRAGO,,,,,,,,
REGIELEKI,,,,,,,,
REGIGIGAS,,,,,,,,
REGIROCK,,,,,,,,
REGISTEEL,,,,,,,,
REINS OF UNITY,,,,,,,,
RELICANTH,,,,,,,,
RELIC BAND,,,,,,,,
RELIC CASTLE,,,,,,,,
RELIC COPPER,,,,,,,,
RELIC CROWN,,,,,,,,
RELIC GOLD,,,,,,,,
RELIC PASSAGE,,,,,,,,
RELIC SILVER,,,,,,,,
RELIC SONG,,,,,,,,
RELIC STATUE,,,,,,,,
RELIC VASE,,,,,,,,
RELLOR,,,,,,,,
RELLOR MUD,,,,,,,,
REMORAID,,,,,,,,
REPEAT BALL,,,,,,,,
REPLY MAIL,,,,,,,,
RESET URGE,,,,,,,,
RESHIRAM,,,,,,,,
RESIST MOCHI,,,,,,,,
RESIST WING,,,,,,,,
RESORT,,,,,,,,
REST,,,,,,,,
RETALIATE,,,,,,,,
RETRO MAIL,,,,,,,,
RETURN,,,,,,,,
REUNICLUS,,,,,,,,
REVAVROOM,,,,,,,,
REVEAL GLASS,,,,,,,,
REVELERS ROAD,,,,,,,,
REVENGE,,,,,,,,
REVERSAL,,,,,,,,
REVIVAL HERB,,,,,,,,
REVIVE,,,,,,,,
RHYDON,,,,,,,,
RHYHORN,,,,,,,,
RHYPERIOR,,,,,,,,
RIBBON SWEET,,,,,,,,
RIBOMBEE,,,,,,,,
RICE,,,,,,,,
RIDE PAGER,,,,,,,,
RILEY,,,,,,,,
RILLABOOM,,,,,,,,
RINDO BERRY,,,,,,,,
RING TARGET,,,,,,,,
RIOLU,,,,,,,,
RIOLU FUR,,,,,,,,
RIPEN,,,,,,,,
RISING VOLTAGE,,,,,,,,
RIVALRY,,,,,,,,
RIVIRE WALK,,,,,,,,
RIXY CHAMBER,,,,,,,,
RKS SYSTEM,,,,,,,,
ROAR,,,,,,,,
ROARING MOON,,,,,,,,
ROAR OF TIME,,,,,,,,
ROCK,,,,,,,,
ROCK BLAST,,,,,,,,
ROCK CLIMB,,,,,,,,
ROCK GEM,,,,,,,,
ROCK HEAD,,,,,,,,
ROCK INCENSE,,,,,,,,
ROCKIUM Z BAG,,,,,,,,
ROCKIUM Z HELD,,,,,,,,
ROCK MEMORY,,,,,,,,
ROCK PEAK RUINS,,,,,,,,
ROCK POLISH,,,,,,,,
ROCKRUFF,,,,,,,,
ROCKRUFF ROCK,,,,,,,,
ROCK SLIDE,,,,,,,,
ROCK SMASH,,,,,,,,
ROCK TERA SHARD,,,,,,,,
ROCK THROW,,,,,,,,
ROCK TOMB,,,,,,,,
ROCK TUNNEL,,,,,,,,
ROCK WRECKER,,,,,,,,
ROCKY HELMET,,,,,,,,
ROCKY PAYLOAD,,,,,,,,
ROGGENROLA,,,,,,,,
ROLE PLAY,,,,,,,,
ROLLER SKATES,,,,,,,,
ROLLING FIELDS,,,,,,,,
ROLLING KICK,,,,,,,,
ROLLOUT,,,,,,,,
ROLYCOLY,,,,,,,,
ROLYCOLY COAL,,,,,,,,
ROOKIDEE,,,,,,,,
ROOM SERVICE,,,,,,,,
ROOST,,,,,,,,
ROOT FOSSIL,,,,,,,,
ROSE INCENSE,,,,,,,,
ROSELIA,,,,,,,,
ROSELI BERRY,,,,,,,,
ROSERADE,,,,,,,,
ROTO BARGAIN,,,,,,,,
ROTO BOOST,,,,,,,,
ROTO CATCH,,,,,,,,
ROTO ENCOUNTER,,,,,,,,
ROTO EXP POINTS,,,,,,,,
ROTO HATCH,,,,,,,,
ROTO HP RESTORE,,,,,,,,
ROTOM,,,,,,,,
ROTOM BIKE,,,,,,,,
ROTOM CATALOG,,,,,,,,
ROTOM PHONE,,,,,,,,
ROTOM SPARKS,,,,,,,,
ROTOMS ROOM,,,,,,,,
ROTO PP RESTORE,,,,,,,,
ROTO STEALTH,,,,,,,,
ROTO STICK,,,,,,,,
ROTOTILLER,,,,,,,,
ROUGH SKIN,,,,,,,,
ROUND,,,,,,,,
ROUTE GATE,,,,,,,,
ROWAP BERRY,,,,,,,,
ROWLET,,,,,,,,
ROYAL AVENUE,,,,,,,,
ROYAL UNOVA,,,,,,,,
RSVP MAIL,,,,,,,,
RUBY,,,,,,,,
RUFFLET,,,,,,,,
RUINATION,,,,,,,,
RUINS OF ALPH,,,,,,,,
RUINS OF HOPE,,,,,,,,
RUINS OF LIFE,,,,,,,,
RUIN VALLEY,,,,,,,,
RULE BOOK,,,,,,,,
RUN AWAY,,,,,,,,
RUNERIGUS,,,,,,,,
RUN UP,,,,,,,,
RUSTBORO,,,,,,,,
RUSTED SHIELD,,,,,,,,
RUSTED SWORD,,,,,,,,
RUSTURF TUNNEL,,,,,,,,
SABLENITE,,,,,,,,
SABLEYE,,,,,,,,
SABLEYE GEM,,,,,,,,
SACHET,,,,,,,,
SACRED ASH,,,,,,,,
SACRED FIRE,,,,,,,,
SACRED PLAZA,,,,,,,,
SACRED SWORD,,,,,,,,
SAFARI BALL,,,,,,,,
SAFEGUARD,,,,,,,,
SAFETY GOGGLES,,,,,,,,
SAFFRON,,,,,,,,
SAIL FOSSIL,,,,,,,,
SALAC BERRY,,,,,,,,
SALAD MIX,,,,,,,,
SALAMENCE,,,,,,,,
SALAMENCITE,,,,,,,,
SALANDIT,,,,,,,,
SALANDIT GAS,,,,,,,,
SALAZZLE,,,,,,,,
SALT CURE,,,,,,,,
SAMUROTT,,,,,,,,
SANDACONDA,,,,,,,,
SAND ATTACK,,,,,,,,
SAND FORCE,,,,,,,,
SANDGEM,,,,,,,,
SANDGEM FLATS,,,,,,,,
SANDILE,,,,,,,,
SANDILE CLAW,,,,,,,,
SANDPIT,,,,,,,,
SAND RUSH,,,,,,,,
SANDSEAR STORM,,,,,,,,
SANDSHREW,,,,,,,,
SANDSHREW CLAW,,,,,,,,
SANDSLASH,,,,,,,,
SAND SPIT,,,,,,,,
SANDS REACH,,,,,,,,
SANDSTORM,,,,,,,,
SAND STREAM,,,,,,,,
SAND TOMB,,,,,,,,
SAND VEIL,,,,,,,,
SANDWICH,,,,,,,,
SANDY CAVE,,,,,,,,
SANDYGAST,,,,,,,,
SANDYGAST SAND,,,,,,,,
SANDY SHOCKS,,,,,,,,
SANTALUNE,,,,,,,,
SAPPHIRE,,,,,,,,
SAPPY SEED,,,,,,,,
SAP SIPPER,,,,,,,,
SAUSAGES,,,,,,,,
SAVANNA BIOME,,,,,,,,
SAVANNA PLAZA,,,,,,,,
SAWK,,,,,,,,
SAWSBUCK,,,,,,,,
SCALD,,,,,,,,
SCALE SHOT,,,,,,,,
SCANNER,,,,,,,,
SCARLET BOG,,,,,,,,
SCARLET BOOK,,,,,,,,
SCARY FACE,,,,,,,,
SCATTERBUG,,,,,,,,
SCEPTILE,,,,,,,,
SCEPTILITE,,,,,,,,
SCHOOLING,,,,,,,,
SCIZOR,,,,,,,,
SCIZORITE,,,,,,,,
SCOLIPEDE,,,,,,,,
SCOPE LENS,,,,,,,,
SCORBUNNY,,,,,,,,
SCORCHED SLAB,,,,,,,,
SCOVILLAIN,,,,,,,,
SCRAFTY,,,,,,,,
SCRAGGY,,,,,,,,
SCRAPPY,,,,,,,,
SCRATCH,,,,,,,,
SCREAM TAIL,,,,,,,,
SCREECH,,,,,,,,
SCREEN CLEANER,,,,,,,,
SCUFIB CHAMBER,,,,,,,,
SCYTHER,,,,,,,,
SCYTHER CLAW,,,,,,,,
SEABREAK PATH,,,,,,,,
SEADRA,,,,,,,,
SEAFOLK,,,,,,,,
SEAGRASS HAVEN,,,,,,,,
SEA INCENSE,,,,,,,,
SEAKING,,,,,,,,
SEAL BAG,,,,,,,,
SEAL CASE,,,,,,,,
SEALED CHAMBER,,,,,,,,
SEALEO,,,,,,,,
SEA MAUVILLE,,,,,,,,
SEARING SHOT,,,,,,,,
SEASIDE CAVE,,,,,,,,
SEASIDE HOLLOW,,,,,,,,
SEA SPIRITS DEN,,,,,,,,
SEAWARD CAVE,,,,,,,,
SECLUDED SHORE,,,,,,,,
SECRET BASE,,,,,,,,
SECRET ISLET,,,,,,,,
SECRET KEY,,,,,,,,
SECRET MEADOW,,,,,,,,
SECRET POTION,,,,,,,,
SECRET POWER,,,,,,,,
SECRET SHORE,,,,,,,,
SECRET SWORD,,,,,,,,
SEED BOMB,,,,,,,,
SEED FLARE,,,,,,,,
SEEDOT,,,,,,,,
SEEDOT STEM,,,,,,,,
SEED SOWER,,,,,,,,
SEEL,,,,,,,,
SEISMIC TOSS,,,,,,,,
SEISMITOAD,,,,,,,,
SELF DESTRUCT,,,,,,,,
SENDOFF SPRING,,,,,,,,
SENTRET,,,,,,,,
SENTRET FUR,,,,,,,,
SEQUENCE,,,,,,,,
SERENE GRACE,,,,,,,,
SERPERIOR,,,,,,,,
SERVINE,,,,,,,,
SEVAULT CANYON,,,,,,,,
SEVEN ISLAND,,,,,,,,
SEVIPER,,,,,,,,
SEVIPER FANG,,,,,,,,
SEWADDLE,,,,,,,,
SEWADDLE LEAF,,,,,,,,
SHACKLE,,,,,,,,
SHADOW,,,,,,,,
SHADOW BALL,,,,,,,,
SHADOW BLAST,,,,,,,,
SHADOW BLITZ,,,,,,,,
SHADOW BOLT,,,,,,,,
SHADOW BONE,,,,,,,,
SHADOW BREAK,,,,,,,,
SHADOW CHILL,,,,,,,,
SHADOW CLAW,,,,,,,,
SHADOW DASH,,,,,,,,
SHADOW DOWN,,,,,,,,
SHADOW END,,,,,,,,
SHADOW FIRE,,,,,,,,
SHADOW FORCE,,,,,,,,
SHADOW MAIL,,,,,,,,
SHADOW MIST,,,,,,,,
SHADOW PUNCH,,,,,,,,
SHADOW RAVE,,,,,,,,
SHADOW RUSH,,,,,,,,
SHADOW SHIELD,,,,,,,,
SHADOW SNEAK,,,,,,,,
SHADOW STORM,,,,,,,,
SHADOW TAG,,,,,,,,
SHADOW WAVE,,,,,,,,
SHADY HOUSE,,,,,,,,
SHALOUR,,,,,,,,
SHALOUR GATE,,,,,,,,
SHALOUR SABLE,,,,,,,,
SHARE,,,,,,,,
SHARP BEAK,,,,,,,,
SHARPEDO,,,,,,,,
SHARPEDONITE,,,,,,,,
SHARPEN,,,,,,,,
SHARPNESS,,,,,,,,
SHAYMIN,,,,,,,,
SHEDINJA,,,,,,,,
SHED SHELL,,,,,,,,
SHED SKIN,,,,,,,,
SHED TAIL,,,,,,,,
SHEER COLD,,,,,,,,
SHEER FORCE,,,,,,,,
SHELGON,,,,,,,,
SHELL ARMOR,,,,,,,,
SHELL BELL,,,,,,,,
SHELLDER,,,,,,,,
SHELLDER PEARL,,,,,,,,
SHELLOS,,,,,,,,
SHELLOS MUCUS,,,,,,,,
SHELL SIDE ARM,,,,,,,,
SHELL SMASH,,,,,,,,
SHELL TRAP,,,,,,,,
SHELMET,,,,,,,,
SHELTER,,,,,,,,
SHIELD DUST,,,,,,,,
SHIELDON,,,,,,,,
SHIELDS DOWN,,,,,,,,
SHIFT GEAR,,,,,,,,
SHIFTRY,,,,,,,,
SHIINOTIC,,,,,,,,
SHINX,,,,,,,,
SHINX FANG,,,,,,,,
SHINY CHARM,,,,,,,,
SHINY STONE,,,,,,,,
SHOAL CAVE,,,,,,,,
SHOAL SALT,,,,,,,,
SHOAL SHELL,,,,,,,,
SHOCK DRIVE,,,,,,,,
SHOCK WAVE,,,,,,,,
SHORE UP,,,,,,,,
SHROODLE,,,,,,,,
SHROODLE INK,,,,,,,,
SHROOMISH,,,,,,,,
SHROUDED RUINS,,,,,,,,
SHUCA BERRY,,,,,,,,
SHUCKLE,,,,,,,,
SHUPPET,,,,,,,,
SHUPPET SCRAP,,,,,,,,
SIGILYPH,,,,,,,,
SIGNAL BEAM,,,,,,,,
SILCOON,,,,,,,,
SILICOBRA,,,,,,,,
SILICOBRA SAND,,,,,,,,
SILK SCARF,,,,,,,,
SILK TRAP,,,,,,,,
SILPH SCOPE,,,,,,,,
SILVALLY,,,,,,,,
SILVER BOTTLE,,,,,,,,
SILVER CUP,,,,,,,,
SILVER LEAF,,,,,,,,
SILVER PICK,,,,,,,,
SILVER POWDER,,,,,,,,
SILVER WIND,,,,,,,,
SILVER WING,,,,,,,,
SIMIPOUR,,,,,,,,
SIMISAGE,,,,,,,,
SIMISEAR,,,,,,,,
SIMPLE,,,,,,,,
SIMPLE BEAM,,,,,,,,
SING,,,,,,,,
SINISTCHA,,,,,,,,
SINISTEA,,,,,,,,
SINISTEA CHIP,,,,,,,,
SINJOH RUINS,,,,,,,,
SIRFETCHD,,,,,,,,
SITRUS BERRY,,,,,,,,
SIX ISLAND,,,,,,,,
SIZZLIPEDE,,,,,,,,
SIZZLY SLIDE,,,,,,,,
SKARMORY,,,,,,,,
SKATER,,,,,,,,
SKELEDIRGE,,,,,,,,
SKETCH,,,,,,,,
SKIDDO,,,,,,,,
SKIDDO LEAF,,,,,,,,
SKILL LINK,,,,,,,,
SKILL SWAP,,,,,,,,
SKIPLOOM,,,,,,,,
SKITTER SMACK,,,,,,,,
SKITTY,,,,,,,,
SKORUPI,,,,,,,,
SKRELP,,,,,,,,
SKRELP KELP,,,,,,,,
SKULL BASH,,,,,,,,
SKULL FOSSIL,,,,,,,,
SKUNTANK,,,,,,,,
SKWOVET,,,,,,,,
SKWOVET FUR,,,,,,,,
SKY ATTACK,,,,,,,,
SKY DROP,,,,,,,,
SKY PILLAR,,,,,,,,
SKY PLATE,,,,,,,,
SKY UPPERCUT,,,,,,,,
SLACK OFF,,,,,,,,
SLAKING,,,,,,,,
SLAKOTH,,,,,,,,
SLAKOTH FUR,,,,,,,,
SLAM,,,,,,,,
SLASH,,,,,,,,
SLATEPORT,,,,,,,,
SLEEP POWDER,,,,,,,,
SLEEP TALK,,,,,,,,
SLIGGOO,,,,,,,,
SLIPPERY SLOPE,,,,,,,,
SLITHER WING,,,,,,,,
SLOWBRO,,,,,,,,
SLOWBRONITE,,,,,,,,
SLOWKING,,,,,,,,
SLOWPOKE,,,,,,,,
SLOWPOKE CLAW,,,,,,,,
SLOWPOKE CUP,,,,,,,,
SLOWPOKE TAIL,,,,,,,,
SLOWPOKE WELL,,,,,,,,
SLOW START,,,,,,,,
SLUDGE,,,,,,,,
SLUDGE BOMB,,,,,,,,
SLUDGE MOUND,,,,,,,,
SLUDGE WAVE,,,,,,,,
SLUGMA,,,,,,,,
SLUGMA LAVA,,,,,,,,
SLURPUFF,,,,,,,,
SLUSH RUSH,,,,,,,,
SMACK DOWN,,,,,,,,
SMALL BOUQUET,,,,,,,,
SMART STRIKE,,,,,,,,
SMEARGLE,,,,,,,,
SMELLING SALTS,,,,,,,,
SMOG,,,,,,,,
SMOKE BALL,,,,,,,,
SMOKED FILLET,,,,,,,,
SMOKE POKE TAIL,,,,,,,,
SMOKESCREEN,,,,,,,,
SMOLIV,,,,,,,,
SMOLIV OIL,,,,,,,,
SMOOCHUM,,,,,,,,
SMOOTH ROCK,,,,,,,,
SNAP TRAP,,,,,,,,
SNARL,,,,,,,,
SNATCH,,,,,,,,
SNEASEL,,,,,,,,
SNEASEL CLAW,,,,,,,,
SNEASLER,,,,,,,,
SNIPER,,,,,,,,
SNIPE SHOT,,,,,,,,
SNIVY,,,,,,,,
SNOM,,,,,,,,
SNOM THREAD,,,,,,,,
SNORE,,,,,,,,
SNORLAX,,,,,,,,
SNORLIUM Z BAG,,,,,,,,
SNORLIUM Z HELD,,,,,,,,
SNORUNT,,,,,,,,
SNORUNT FUR,,,,,,,,
SNOVER,,,,,,,,
SNOVER BERRIES,,,,,,,,
SNOWBALL,,,,,,,,
SNOWBELLE,,,,,,,,
SNOWBELLE GATE,,,,,,,,
SNOW CLOAK,,,,,,,,
SNOW MAIL,,,,,,,,
SNOWPOINT,,,,,,,,
SNOWSCAPE,,,,,,,,
SNOW WARNING,,,,,,,,
SNUBBULL,,,,,,,,
SOAK,,,,,,,,
SOBBLE,,,,,,,,
SOCARRAT TRAIL,,,,,,,,
SODA POP,,,,,,,,
SOFT BOILED,,,,,,,,
SOFT SAND,,,,,,,,
SOLACEON,,,,,,,,
SOLACEON RUINS,,,,,,,,
SOLAR BEAM,,,,,,,,
SOLAR BLADE,,,,,,,,
SOLAR POWER,,,,,,,,
SOLGALEO,,,,,,,,
SOLGANIUM Z BAG,,,,,,,,
SOLID ROCK,,,,,,,,
SOLOSIS,,,,,,,,
SOLROCK,,,,,,,,
SONIAS BOOK,,,,,,,,
SONIC BOOM,,,,,,,,
SONOROUS PATH,,,,,,,,
SOOTHE BELL,,,,,,,,
SOOTOPOLIS,,,,,,,,
SOOT SACK,,,,,,,,
SOUL DEW,,,,,,,,
SOUL HEART,,,,,,,,
SOUNDPROOF,,,,,,,,
SPACE MAIL,,,,,,,,
SPACE WORLD,,,,,,,,
SPACIAL REND,,,,,,,,
SPARK,,,,,,,,
SPARKLING ARIA,,,,,,,,
SPARKLY SWIRL,,,,,,,,
SPEAROW,,,,,,,,
SPEAR PILLAR,,,,,,,,
SPECTRAL THIEF,,,,,,,,
SPECTRIER,,,,,,,,
SPEED BOOST,,,,,,,,
SPEED SWAP,,,,,,,,
SPELL TAG,,,,,,,,
SPELON BERRY,,,,,,,,
SPEWPA,,,,,,,,
SPHEAL,,,,,,,,
SPICE MIX,,,,,,,,
SPICY EXTRACT,,,,,,,,
SPIDER WEB,,,,,,,,
SPIDOPS,,,,,,,,
SPIKE CANNON,,,,,,,,
SPIKEMUTH,,,,,,,,
SPIKES,,,,,,,,
SPIKES PASSAGE,,,,,,,,
SPIKY SHIELD,,,,,,,,
SPINARAK,,,,,,,,
SPINDA,,,,,,,,
SPIN OUT,,,,,,,,
SPIRIT BREAK,,,,,,,,
SPIRITOMB,,,,,,,,
SPIRIT SHACKLE,,,,,,,,
SPITE,,,,,,,,
SPIT UP,,,,,,,,
SPLASH,,,,,,,,
SPLASH PLATE,,,,,,,,
SPLISHY SPLASH,,,,,,,,
SPOINK,,,,,,,,
SPOINK PEARL,,,,,,,,
SPONGE,,,,,,,,
SPOOKY PLATE,,,,,,,,
SPORT BALL,,,,,,,,
SPOTLIGHT,,,,,,,,
SPRAYDUCK,,,,,,,,
SPRIGATITO,,,,,,,,
SPRING PATH,,,,,,,,
SPRINKLOTAD,,,,,,,,
SPRINT,,,,,,,,
SPRITZEE,,,,,,,,
SPROUT TOWER,,,,,,,,
SQUAWKABILLY,,,,,,,,
SQUIRT BOTTLE,,,,,,,,
SQUIRTLE,,,,,,,,
SS ANNE,,,,,,,,
SS AQUA,,,,,,,,
SS TICKET,,,,,,,,
SS TICKET HOENN,,,,,,,,
SS TIDAL,,,,,,,,
STAKATAKA,,,,,,,,
STAKEOUT,,,,,,,,
STALL,,,,,,,,
STALWART,,,,,,,,
STAMINA,,,,,,,,
STANCE CHANGE,,,,,,,,
STANTLER,,,,,,,,
STANTLER HAIR,,,,,,,,
STARAPTOR,,,,,,,,
STARAVIA,,,,,,,,
STARDUST,,,,,,,,
STARF BERRY,,,,,,,,
STARK MOUNTAIN,,,,,,,,
STARLY,,,,,,,,
STARLY FEATHER,,,,,,,,
STARMIE,,,,,,,,
STAR PIECE,,,,,,,,
STAR SWEET,,,,,,,,
STARYU,,,,,,,,
STATIC,,,,,,,,
STEADFAST,,,,,,,,
STEALTH,,,,,,,,
STEALTH ROCK,,,,,,,,
STEAMDRIFT WAY,,,,,,,,
STEAM ENGINE,,,,,,,,
STEAM ERUPTION,,,,,,,,
STEAMROLLER,,,,,,,,
STEEL,,,,,,,,
STEEL BEAM,,,,,,,,
STEEL BOTTLE B,,,,,,,,
STEEL BOTTLE R,,,,,,,,
STEEL BOTTLE Y,,,,,,,,
STEEL GEM,,,,,,,,
STEELIUM Z BAG,,,,,,,,
STEELIUM Z HELD,,,,,,,,
STEELIX,,,,,,,,
STEELIXITE,,,,,,,,
STEEL MAIL,,,,,,,,
STEEL MEMORY,,,,,,,,
STEEL ROLLER,,,,,,,,
STEEL WING,,,,,,,,
STEELWORKER,,,,,,,,
STEELY SPIRIT,,,,,,,,
STEENEE,,,,,,,,
STELLAR,,,,,,,,
STENCH,,,,,,,,
STICK,,,,,,,,
STICKY BARB,,,,,,,,
STICKY HOLD,,,,,,,,
STICKY WEB,,,,,,,,
STOCKPILE,,,,,,,,
STOMP,,,,,,,,
STONE AXE,,,,,,,,
STONE EDGE,,,,,,,,
STONE PLATE,,,,,,,,
STONJOURNER,,,,,,,,
STORAGE KEY,,,,,,,,
STORED POWER,,,,,,,,
STORM DRAIN,,,,,,,,
STORM THROW,,,,,,,,
STOUTLAND,,,,,,,,
STOW ON SIDE,,,,,,,,
STRANGE BALL,,,,,,,,
STRANGE HOUSE,,,,,,,,
STRANGE STEAM,,,,,,,,
STRENGTH,,,,,,,,
STRENGTH SAP,,,,,,,,
STRIATON,,,,,,,,
STRING SHOT,,,,,,,,
STRIPED BOTTLE,,,,,,,,
STRIPED CUP,,,,,,,,
STRONG JAW,,,,,,,,
STRUGGLE,,,,,,,,
STRUGGLE BUG,,,,,,,,
STUFF CHEEKS,,,,,,,,
STUFFUL,,,,,,,,
STUNFISK,,,,,,,,
STUNKY,,,,,,,,
STUNKY FUR,,,,,,,,
STUN SPORE,,,,,,,,
STURDY,,,,,,,,
STYLE CARD,,,,,,,,
SUBMISSION,,,,,,,,
SUBSTITUTE,,,,,,,,
SUCKER PUNCH,,,,,,,,
SUCTION CUPS,,,,,,,,
SUDOWOODO,,,,,,,,
SUICUNE,,,,,,,,
SUITE KEY,,,,,,,,
SUNFLORA,,,,,,,,
SUN FLUTE,,,,,,,,
SUNKERN,,,,,,,,
SUNKERN LEAF,,,,,,,,
SUNNY DAY,,,,,,,,
SUN STONE,,,,,,,,
SUNYSHORE,,,,,,,,
SUPERCELL SLAM,,,,,,,,
SUPER FANG,,,,,,,,
SUPER LUCK,,,,,,,,
SUPER LURE,,,,,,,,
SUPER POTION,,,,,,,,
SUPERPOWER,,,,,,,,
SUPER REPEL,,,,,,,,
SUPER ROD,,,,,,,,
SUPERSONIC,,,,,,,,
SURF,,,,,,,,
SURGE BADGE,,,,,,,,
SURGE SURFER,,,,,,,,
SURSKIT,,,,,,,,
SURSKIT SYRUP,,,,,,,,
SURVIVAL,,,,,,,,
SWABLU,,,,,,,,
SWABLU FLUFF,,,,,,,,
SWADLOON,,,,,,,,
SWAGGER,,,,,,,,
SWALLOW,,,,,,,,
SWALOT,,,,,,,,
SWAMPERT,,,,,,,,
SWAMPERTITE,,,,,,,,
SWANNA,,,,,,,,
SWARM,,,,,,,,
SWEET APPLE,,,,,,,,
SWEET HEART,,,,,,,,
SWEET KISS,,,,,,,,
SWEET SCENT,,,,,,,,
SWEET VEIL,,,,,,,,
SWELLOW,,,,,,,,
SWIFT,,,,,,,,
SWIFT MOCHI,,,,,,,,
SWIFT SWIM,,,,,,,,
SWIFT WING,,,,,,,,
SWINUB,,,,,,,,
SWINUB HAIR,,,,,,,,
SWIRLIX,,,,,,,,
SWITCHEROO,,,,,,,,
SWOOBAT,,,,,,,,
SWORD OF RUIN,,,,,,,,
SWORDS DANCE,,,,,,,,
SYLVEON,,,,,,,,
SYMBIOSIS,,,,,,,,
SYNCHRONIZE,,,,,,,,
SYNCHRONOISE,,,,,,,,
SYNTHESIS,,,,,,,,
SYRUP BOMB,,,,,,,,
SYRUPY APPLE,,,,,,,,
TABLETS OF RUIN,,,,,,,,
TACHYON CUTTER,,,,,,,,
TACKLE,,,,,,,,
TADBULB,,,,,,,,
TADBULB MUCUS,,,,,,,,
TAIL GLOW,,,,,,,,
TAILLOW,,,,,,,,
TAIL SLAP,,,,,,,,
TAIL WHIP,,,,,,,,
TAILWIND,,,,,,,,
TAKE DOWN,,,,,,,,
TAKE HEART,,,,,,,,
TALONFLAME,,,,,,,,
TAMATO BERRY,,,,,,,,
TANDEMAUS,,,,,,,,
TANDEMAUS FUR,,,,,,,,
TANGA BERRY,,,,,,,,
TANGELA,,,,,,,,
TANGLED FEET,,,,,,,,
TANGLING HAIR,,,,,,,,
TANGROWTH,,,,,,,,
TANOBY RUINS,,,,,,,,
TAPU,,,,,,,,
TAPU BULU,,,,,,,,
TAPU FINI,,,,,,,,
TAPU KOKO,,,,,,,,
TAPU LELE,,,,,,,,
TAPUNIUM Z BAG,,,,,,,,
TAPUNIUM Z HELD,,,,,,,,
TAROUNTULA,,,,,,,,
TAR SHOT,,,,,,,,
TART APPLE,,,,,,,,
TATSUGIRI,,,,,,,,
TAUNT,,,,,,,,
TAUROS,,,,,,,,
TAUROS HAIR,,,,,,,,
TEACHY TV,,,,,,,,
TEAL MASK,,,,,,,,
TEAL STYLE CARD,,,,,,,,
TEAM ROCKET HQ,,,,,,,,
TEARFUL LOOK,,,,,,,,
TEATIME,,,,,,,,
TECHNICIAN,,,,,,,,
TECHNO BLAST,,,,,,,,
TEDDIURSA,,,,,,,,
TEDDIURSA CLAW,,,,,,,,
TEETER DANCE,,,,,,,,
TELEKINESIS,,,,,,,,
TELEPATHY,,,,,,,,
TELEPORT,,,,,,,,
TEMPER FLARE,,,,,,,,
TENACITY,,,,,,,,
TEN CARAT HILL,,,,,,,,
TENTACOOL,,,,,,,,
TENTACRUEL,,,,,,,,
TEPIG,,,,,,,,
TERA BLAST,,,,,,,,
TERAFORM ZERO,,,,,,,,
TERA ORB,,,,,,,,
TERAPAGOS,,,,,,,,
TERA SHELL,,,,,,,,
TERA SHIFT,,,,,,,,
TERA STARSTORM,,,,,,,,
TERAVOLT,,,,,,,,
TERMINUS CAVE,,,,,,,,
TERRA CAVE,,,,,,,,
TERRAIN PULSE,,,,,,,,
TERRAKION,,,,,,,,
TG ETERNA BLDG,,,,,,,,
THANKS MAIL,,,,,,,,
THE HEARTWOOD,,,,,,,,
THICK CLUB,,,,,,,,
THICK FAT,,,,,,,,
THIEF,,,,,,,,
THIEVUL,,,,,,,,
THOUSAND WAVES,,,,,,,,
THRASH,,,,,,,,
THREE ISLAND,,,,,,,,
THREE ISLE PATH,,,,,,,,
THREE ISLE PORT,,,,,,,,
THROAT CHOP,,,,,,,,
THROAT SPRAY,,,,,,,,
THROH,,,,,,,,
THRUST,,,,,,,,
THUNDERBOLT,,,,,,,,
THUNDER CAGE,,,,,,,,
THUNDERCLAP,,,,,,,,
THUNDER FANG,,,,,,,,
THUNDER PUNCH,,,,,,,,
THUNDER SHOCK,,,,,,,,
THUNDER STONE,,,,,,,,
THUNDER WAVE,,,,,,,,
THUNDURUS,,,,,,,,
THWACKEY,,,,,,,,
TICKLE,,,,,,,,
TIDAL BELL,,,,,,,,
TIDEWATER DAM,,,,,,,,
TIDY UP,,,,,,,,
TIMBURR,,,,,,,,
TIMBURR SWEAT,,,,,,,,
TIMELESS WOODS,,,,,,,,
TIMER BALL,,,,,,,,
TING LU,,,,,,,,
TINKATINK,,,,,,,,
TINKATINK HAIR,,,,,,,,
TINKATON,,,,,,,,
TINKATUFF,,,,,,,,
TIN OF BEANS,,,,,,,,
TINTED LENS,,,,,,,,
TINY MUSHROOM,,,,,,,,
TIRTOUGA,,,,,,,,
TM CASE,,,,,,,,
TMV PASS,,,,,,,,
TOEDSCOOL,,,,,,,,
TOEDSCRUEL,,,,,,,,
TOFU,,,,,,,,
TOGEDEMARU,,,,,,,,
TOGEKISS,,,,,,,,
TOGEPI,,,,,,,,
TOGETIC,,,,,,,,
TOHJO FALLS,,,,,,,,
TOMATO,,,,,,,,
TOMBOLO WALK,,,,,,,,
TOPSY TURVY,,,,,,,,
TORCHIC,,,,,,,,
TORCH SONG,,,,,,,,
TORKOAL,,,,,,,,
TORKOAL COAL,,,,,,,,
TORMENT,,,,,,,,
TORNADUS,,,,,,,,
TORRACAT,,,,,,,,
TORRENT,,,,,,,,
TORTERRA,,,,,,,,
TOTODILE,,,,,,,,
TOUCANNON,,,,,,,,
TOUGH CLAWS,,,,,,,,
TOWER OF WATERS,,,,,,,,
TOWN MAP,,,,,,,,
TOXAPEX,,,,,,,,
TOXEL,,,,,,,,
TOXEL SPARKS,,,,,,,,
TOXIC,,,,,,,,
TOXIC BOOST,,,,,,,,
TOXIC CHAIN,,,,,,,,
TOXIC DEBRIS,,,,,,,,
TOXIC ORB,,,,,,,,
TOXIC PLATE,,,,,,,,
TOXICROAK,,,,,,,,
TOXIC SPIKES,,,,,,,,
TOXIC THREAD,,,,,,,,
TOXTRICITY,,,,,,,,
TRACE,,,,,,,,
TRAILBLAZE,,,,,,,,
TRAINER TOWER,,,,,,,,
TRANQUILL,,,,,,,,
TRANSFORM,,,,,,,,
TRANSISTOR,,,,,,,,
TRAPINCH,,,,,,,,
TRAVELING MAN,,,,,,,,
TRAVEL TRUNK,,,,,,,,
TREASURE BEACH,,,,,,,,
TREECKO,,,,,,,,
TREVENANT,,,,,,,,
TRIAGE,,,,,,,,
TRIAL CHAMBER,,,,,,,,
TRI ATTACK,,,,,,,,
TRICK,,,,,,,,
TRICK OR TREAT,,,,,,,,
TRICK ROOM,,,,,,,,
TRI PASS,,,,,,,,
TRIPLE ARROWS,,,,,,,,
TRIPLE AXEL,,,,,,,,
TRIPLE DIVE,,,,,,,,
TRIPLE KICK,,,,,,,,
TROPHY GARDEN,,,,,,,,
TROPICAL SHELL,,,,,,,,
TROPIC MAIL,,,,,,,,
TROPIUS,,,,,,,,
TROPIUS LEAF,,,,,,,,
TROP KICK,,,,,,,,
TRUANT,,,,,,,,
TRUBBISH,,,,,,,,
TRUMBEAK,,,,,,,,
TRUMP CARD,,,,,,,,
TSAREENA,,,,,,,,
TUNNEL MAIL,,,,,,,,
TURBOBLAZE,,,,,,,,
TURFFIELD,,,,,,,,
TURNBACK CAVE,,,,,,,,
TURTONATOR,,,,,,,,
TURTWIG,,,,,,,,
TWIN BEAM,,,,,,,,
TWINEEDLE,,,,,,,,
TWINLEAF,,,,,,,,
TWISTED SPOON,,,,,,,,
TWISTER,,,,,,,,
TWIST MOUNTAIN,,,,,,,,
TWO ISLAND,,,,,,,,
TYMPOLE,,,,,,,,
TYNAMO,,,,,,,,
TYNAMO SLIME,,,,,,,,
TYPE NULL,,,,,,,,
TYPHLOSION,,,,,,,,
TYRANITAR,,,,,,,,
TYRANITARITE,,,,,,,,
TYRANTRUM,,,,,,,,
TYROGUE,,,,,,,,
TYRUNT,,,,,,,,
ULAULA BEACH,,,,,,,,
ULAULA MEADOW,,,,,,,,
ULTRA BALL,,,,,,,,
ULTRA SPACE,,,,,,,,
UMBREON,,,,,,,,
UNAWARE,,,,,,,,
UNBURDEN,,,,,,,,
UNDELLA,,,,,,,,
UNDELLA BAY,,,,,,,,
UNDELLA GATE,,,,,,,,
UNDERWATER,,,,,,,,
UNFEZANT,,,,,,,,
UNION CAVE,,,,,,,,
UNITY TOWER,,,,,,,,
UNKNOWN,,,,,,,,
UNNERVE,,,,,,,,
UNOWN,,,,,,,,
UNOWN REPORT,,,,,,,,
UNSEEN FIST,,,,,,,,
UP GRADE,,,,,,,,
UPPER HAND,,,,,,,,
UPROAR,,,,,,,,
URSALUNA,,,,,,,,
URSARING,,,,,,,,
URSAS RING,,,,,,,,
URSHIFU,,,,,,,,
U TURN,,,,,,,,
UVA ACADEMY,,,,,,,,
UXIE,,,,,,,,
VACUUM WAVE,,,,,,,,
VALOR CAVERN,,,,,,,,
VANGUARD,,,,,,,,
VANILLISH,,,,,,,,
VANILLITE,,,,,,,,
VANILLUXE,,,,,,,,
VANIVILLE,,,,,,,,
VAPOREON,,,,,,,,
VAROOM,,,,,,,,
VAROOM FUME,,,,,,,,
V CREATE,,,,,,,,
VEE VEE PICK,,,,,,,,
VEEVEE VOLLEY,,,,,,,,
VEILSTONE,,,,,,,,
VEILSTONE CAPE,,,,,,,,
VELUZA,,,,,,,,
VELUZA FILLET,,,,,,,,
VENIPEDE,,,,,,,,
VENOM DRENCH,,,,,,,,
VENOMOTH,,,,,,,,
VENONAT,,,,,,,,
VENONAT FANG,,,,,,,,
VENOSHOCK,,,,,,,,
VENUSAUR,,,,,,,,
VENUSAURITE,,,,,,,,
VERDANT CAVERN,,,,,,,,
VERDANTURF,,,,,,,,
VERITY CAVERN,,,,,,,,
VERMILION,,,,,,,,
VERSANT ROAD,,,,,,,,
VESPIQUEN,,,,,,,,
VESSEL OF RUIN,,,,,,,,
VIAPOS CHAMBER,,,,,,,,
VIBRAVA,,,,,,,,
VICE GRIP,,,,,,,,
VICTINI,,,,,,,,
VICTORY DANCE,,,,,,,,
VICTORY STAR,,,,,,,,
VICTREEBEL,,,,,,,,
VIGOROTH,,,,,,,,
VIKAVOLT,,,,,,,,
VILEPLUME,,,,,,,,
VILLAGE BRIDGE,,,,,,,,
VINEGAR,,,,,,,,
VINE WHIP,,,,,,,,
VIOLET,,,,,,,,
VIOLET BOOK,,,,,,,,
VIRBANK,,,,,,,,
VIRBANK GATE,,,,,,,,
VIRIDIAN,,,,,,,,
VIRIZION,,,,,,,,
VITAL SPIRIT,,,,,,,,
VITAL THROW,,,,,,,,
VIVILLON,,,,,,,,
VOLBEAT,,,,,,,,
VOLBEAT FLUID,,,,,,,,
VOLCANION,,,,,,,,
VOLCARONA,,,,,,,,
VOLT ABSORB,,,,,,,,
VOLTORB,,,,,,,,
VOLTORB SPARKS,,,,,,,,
VOLT SWITCH,,,,,,,,
VOLT TACKLE,,,,,,,,
VS RECORDER,,,,,,,,
VS SEEKER,,,,,,,,
VULLABY,,,,,,,,
VULPIX,,,,,,,,
VULPIX FUR,,,,,,,,
WACAN BERRY,,,,,,,,
WAILMER,,,,,,,,
WAILMER PAIL,,,,,,,,
WAILORD,,,,,,,,
WAKE UP SLAP,,,,,,,,
WALKING WAKE,,,,,,,,
WALREIN,,,,,,,,
WARM BLANKET,,,,,,,,
WARM UP TUNNEL,,,,,,,,
WARTORTLE,,,,,,,,
WASABI,,,,,,,,
WATCHOG,,,,,,,,
WATER,,,,,,,,
WATER ABSORB,,,,,,,,
WATER BUBBLE,,,,,,,,
WATERCRESS,,,,,,,,
WATERFALL,,,,,,,,
WATER GEM,,,,,,,,
WATER GUN,,,,,,,,
WATERIUM Z BAG,,,,,,,,
WATERIUM Z HELD,,,,,,,,
WATER MEMORY,,,,,,,,
WATER PATH,,,,,,,,
WATER PLEDGE,,,,,,,,
WATER PULSE,,,,,,,,
WATER SHURIKEN,,,,,,,,
WATER SPOUT,,,,,,,,
WATER STONE,,,,,,,,
WATER VEIL,,,,,,,,
WATMEL BERRY,,,,,,,,
WATTREL,,,,,,,,
WAVE CRASH,,,,,,,,
WAVE INCENSE,,,,,,,,
WAVE MAIL,,,,,,,,
WAVE RIDER,,,,,,,,
WAYWARD CAVE,,,,,,,,
WAYWARD WOOD,,,,,,,,
WEAK ARMOR,,,,,,,,
WEATHER BALL,,,,,,,,
WEAVILE,,,,,,,,
WEDGEHURST,,,,,,,,
WEEDLE,,,,,,,,
WEEPINBELL,,,,,,,,
WEEPTH CHAMBER,,,,,,,,
WEEZING,,,,,,,,
WELL BAKED BODY,,,,,,,,
WEPEAR BERRY,,,,,,,,
WHIMSICOTT,,,,,,,,
WHIPPED CREAM,,,,,,,,
WHIPPED DREAM,,,,,,,,
WHIRLIPEDE,,,,,,,,
WHIRL ISLANDS,,,,,,,,
WHIRLPOOL,,,,,,,,
WHIRLWIND,,,,,,,,
WHISCASH,,,,,,,,
WHISMUR,,,,,,,,
WHITE DISH,,,,,,,,
WHITE FLUTE,,,,,,,,
WHITE FOREST,,,,,,,,
WHITE GATE,,,,,,,,
WHITE HERB,,,,,,,,
WHITE MANE HAIR,,,,,,,,
WHITE SMOKE,,,,,,,,
WICKED BLOW,,,,,,,,
WICKED TORQUE,,,,,,,,
WIDE GUARD,,,,,,,,
WIDE LENS,,,,,,,,
WI FI EVENT,,,,,,,,
WI FI GIFT,,,,,,,,
WIGGLYTUFF,,,,,,,,
WIGLETT,,,,,,,,
WIGLETT SAND,,,,,,,,
WIKI BERRY,,,,,,,,
WILDBOLT STORM,,,,,,,,
WILD CHARGE,,,,,,,,
WILL O WISP,,,,,,,,
WIMPOD,,,,,,,,
WIMP OUT,,,,,,,,
WINDING WOODS,,,,,,,,
WIND POWER,,,,,,,,
WIND RIDER,,,,,,,,
WINDSWEPT RUN,,,,,,,,
WING ATTACK,,,,,,,,
WINGULL,,,,,,,,
WISE GLASSES,,,,,,,,
WISH,,,,,,,,
WISHING CHIP,,,,,,,,
WISHING PIECE,,,,,,,,
WISHING STAR,,,,,,,,
WISHIWASHI,,,,,,,,
WISTFUL FIELDS,,,,,,,,
WITHDRAW,,,,,,,,
WOBBUFFET,,,,,,,,
WO CHIEN,,,,,,,,
WONDER GUARD,,,,,,,,
WONDER ROOM,,,,,,,,
WONDER SKIN,,,,,,,,
WOOBAT,,,,,,,,
WOODEN CROWN,,,,,,,,
WOOD HAMMER,,,,,,,,
WOOD MAIL,,,,,,,,
WOOLOO,,,,,,,,
WOOPER,,,,,,,,
WOOPER SLIME,,,,,,,,
WORKOUT SEA,,,,,,,,
WORKS KEY,,,,,,,,
WORK UP,,,,,,,,
WORMADAM,,,,,,,,
WORN BRIDGE,,,,,,,,
WORRY SEED,,,,,,,,
WRAP,,,,,,,,
WRING OUT,,,,,,,,
WUGTRIO,,,,,,,,
WURMPLE,,,,,,,,
WYNAUT,,,,,,,,
WYNDON,,,,,,,,
WYRDEER,,,,,,,,
X ACCURACY,,,,,,,,
X ATTACK,,,,,,,,
XATU,,,,,,,,
X DEFENSE,,,,,,,,
XERNEAS,,,,,,,,
X SCISSOR,,,,,,,,
X SP ATK,,,,,,,,
X SP DEF,,,,,,,,
X SPEED,,,,,,,,
XTRANSCEIVER,,,,,,,,
XURKITREE,,,,,,,,
YACHE BERRY,,,,,,,,
YAMASK,,,,,,,,
YAMPER,,,,,,,,
YANMA,,,,,,,,
YANMA SPIKE,,,,,,,,
YANMEGA,,,,,,,,
YARN BALL,,,,,,,,
YAWN,,,,,,,,
YELLOW BOTTLE,,,,,,,,
YELLOW CUP,,,,,,,,
YELLOW DISH,,,,,,,,
YELLOW FLUTE,,,,,,,,
YELLOW NECTAR,,,,,,,,
YELLOW PETAL,,,,,,,,
YELLOW SCARF,,,,,,,,
YELLOW SHARD,,,,,,,,
YOGURT,,,,,,,,
YUNGOOS,,,,,,,,
YUNGOOS FUR,,,,,,,,
YVELTAL,,,,,,,,
ZACIAN,,,,,,,,
ZAMAZENTA,,,,,,,,
ZANGOOSE,,,,,,,,
ZANGOOSE CLAW,,,,,,,,
ZAPAPICO,,,,,,,,
ZAP CANNON,,,,,,,,
ZAPDOS,,,,,,,,
ZAP PLATE,,,,,,,,
ZARUDE,,,,,,,,
ZEBSTRIKA,,,,,,,,
ZEKROM,,,,,,,,
ZEN HEADBUTT,,,,,,,,
ZEN MODE,,,,,,,,
ZERAORA,,,,,,,,
ZERO LAB,,,,,,,,
ZERO TO HERO,,,,,,,,
ZIGZAGOON,,,,,,,,
ZINC,,,,,,,,
ZING ZAP,,,,,,,,
ZIPPY ZAP,,,,,,,,
ZOOM LENS,,,,,,,,
ZOROARK,,,,,,,,
ZORUA,,,,,,,,
ZORUA FUR,,,,,,,,
Z POWER RING,,,,,,,,
Z RING,,,,,,,,
ZUBAT,,,,,,,,
ZUBAT ROOST,,,,,,,,
ZWEILOUS,,,,,,,,
ZYGARDE,,,,,,,,
ZYGARDE CUBE,,,,,,,,